instrument,date,direction,ob_ts,placed_ts,age_at_placement_min,hour_utc,weekday,killzone,ml_proba,entry,sl,tp,rr,ob_high,ob_low,ob_size_pct,ctx_h1_close_above_ma20,ctx_h1_atr_5,ctx_h1_trend,ctx_dist_to_h1_swing_high_pct,ctx_dist_to_h1_swing_low_pct,ctx_h4_close_above_ma20,ctx_h4_trend,features_json,price_at_placement,entry_vs_ref_price_pct,outcome,fill_ts,time_to_fill_s,price_at_fill,risk_abs,reward_abs,mfe_R,mae_R,ticks_count_in_trade,exit_ts,hold_time_s,pnl_r
FRA40,2026-05-14,bullish,2026-05-14 05:45:00+00:00,2026-05-14 05:50:00+00:00,5.0,5,Thursday,asia,0.7095539366523289,8036.71,8032.21,8050.21,3.0,8036.71,8033.71,0.037328707891662136,True,13.3,range,0.2621272703092722,1.4934667046164956,True,range,"{""score"": 122.0, ""quality"": 62.0, ""ob_strength"": 8.0, ""sweep_strength"": 8.0, ""retest_count"": 0.0, ""is_unicorn"": 0.0, ""rr"": 3.0, ""risk_points"": 4.5, ""tp_source_htf"": 0.0, ""tp_source_capped"": 1.0, ""daily_bias_aligned"": 0.0, ""daily_bias_neutral"": 1.0, ""kz_london"": 0.0, ""kz_ny_am"": 0.0, ""kz_ny_pm"": 0.0, ""kz_asia"": 0.0, ""kz_ny_lunch"": 0.0, ""has_smt"": 0.0, ""has_feu_vert"": 1.0, ""has_breaker_kz"": 0.0, ""has_mss_fvg"": 1.0, ""has_po3_dist"": 0.0, ""has_phase_expansion"": 1.0, ""has_open_midnight_respect"": 0.0, ""has_FVG_sync"": 1.0, ""has_parent_ob"": 1.0, ""has_grandparent_ob"": 1.0, ""has_good_zone"": 1.0, ""has_session_direction"": 0.0, ""ob_group_size"": 2.0, ""bars_sweep_to_validation"": 2.0, ""bars_group_to_validation"": 4.0, ""is_bullish"": 1.0, ""hour_of_day"": 5.0, ""day_of_week"": 3.0, ""minutes_into_killzone"": -1.0, ""atr_at_setup"": 2.0, ""atr_ratio_100"": 1.3840830449826989, ""dist_to_pdh_pct"": 0.6114158159321754, ""dist_to_pdl_pct"": 0.07670707485788462, ""dist_to_d1_open_pct"": -0.16261273572014392, ""phase_reversal"": 0.0, ""phase_manipulation"": 0.0, ""vol_ratio_setup"": 1.4604354753053637, ""has_mss_nearby"": 1.0, ""po3_body_pct"": 0.8333333333333334, ""po3_upper_wick"": 0.0, ""po3_lower_wick"": 0.0, ""po3_aligned"": 0.0, ""po3_htf2_aligned"": 1.0, ""displacement_ratio"": 5.345454545454546, ""fib_level"": 0.08333333333333333, ""mom_60"": 0.031080185635732765, ""mom_240"": -0.024850246203814267, ""body_ratio_recent"": 0.5808333333333333, ""mom_aligned"": 1.0, ""atr_regime"": 0.45751527948065024, ""dist_pdh_atr"": 24.7199999999998, ""dist_pdl_atr"": 3.0799999999999272}",8060.7,0.2985052341069888,NO_FILL,,,,,,,,,,,
FRA40,2026-05-13,bearish,2026-05-13 08:32:00+00:00,2026-05-13 08:35:00+00:00,3.0,8,Wednesday,london,0.723199125075088,7983.15,7991.15,7971.15,1.5,7988.15,7983.15,0.06263191847829491,False,22.0,range,0.6887769504369223,0.14302472194864455,False,range,"{""score"": 92.0, ""quality"": 40.0, ""ob_strength"": 4.0, ""sweep_strength"": 5.0, ""retest_count"": 0.0, ""is_unicorn"": 0.0, ""rr"": 1.5, ""risk_points"": 8.0, ""tp_source_htf"": 0.0, ""tp_source_capped"": 0.0, ""daily_bias_aligned"": 0.0, ""daily_bias_neutral"": 1.0, ""kz_london"": 1.0, ""kz_ny_am"": 0.0, ""kz_ny_pm"": 0.0, ""kz_asia"": 0.0, ""kz_ny_lunch"": 0.0, ""has_smt"": 0.0, ""has_feu_vert"": 1.0, ""has_breaker_kz"": 0.0, ""has_mss_fvg"": 1.0, ""has_po3_dist"": 0.0, ""has_phase_expansion"": 0.0, ""has_open_midnight_respect"": 1.0, ""has_FVG_sync"": 1.0, ""has_parent_ob"": 1.0, ""has_grandparent_ob"": 0.0, ""has_good_zone"": 0.0, ""has_session_direction"": 1.0, ""ob_group_size"": 4.0, ""bars_sweep_to_validation"": 7.0, ""bars_group_to_validation"": 10.0, ""is_bullish"": 0.0, ""hour_of_day"": 8.0, ""day_of_week"": 2.0, ""minutes_into_killzone"": 32.0, ""atr_at_setup"": 2.7071428571427014, ""atr_ratio_100"": 0.7801564429806364, ""dist_to_pdh_pct"": 0.8763641194825247, ""dist_to_pdl_pct"": 0.7267634422847556, ""dist_to_d1_open_pct"": -0.8464471576018847, ""phase_reversal"": 0.0, ""phase_manipulation"": 0.0, ""vol_ratio_setup"": 0.7812822098536243, ""has_mss_nearby"": 1.0, ""po3_body_pct"": 0.8467741935483498, ""po3_upper_wick"": 0.0, ""po3_lower_wick"": 0.0, ""po3_aligned"": 0.0, ""po3_htf2_aligned"": 1.0, ""displacement_ratio"": 1.1081794195251298, ""fib_level"": 0.17731958762885472, ""mom_60"": -0.08137562361896178, ""mom_240"": -0.4322712642531069, ""body_ratio_recent"": 0.48786741672093614, ""mom_aligned"": 1.0, ""atr_regime"": 0.7746417264928126, ""dist_pdh_atr"": 26.071767810027858, ""dist_pdl_atr"": 21.277044854882288}",8003.3,-0.25240663146753534,INVALID_PRICE,,,,,,,,,,,
FRA40,2026-05-13,bullish,2026-05-13 12:45:00+00:00,2026-05-13 12:50:00+00:00,5.0,12,Wednesday,ny_morning,0.8395283085134693,7934.15,7925.55,7947.049999999999,1.5,7934.15,7926.05,0.10209033103734431,False,27.93999999999978,range,0.9801639478336432,0.2780696180631942,False,range,"{""score"": 64.0, ""quality"": 32.0, ""ob_strength"": 2.0, ""sweep_strength"": 6.0, ""retest_count"": 0.0, ""is_unicorn"": 0.0, ""rr"": 1.5, ""risk_points"": 8.599999999999454, ""tp_source_htf"": 0.0, ""tp_source_capped"": 0.0, ""daily_bias_aligned"": 0.0, ""daily_bias_neutral"": 1.0, ""kz_london"": 0.0, ""kz_ny_am"": 1.0, ""kz_ny_pm"": 0.0, ""kz_asia"": 0.0, ""kz_ny_lunch"": 0.0, ""has_smt"": 0.0, ""has_feu_vert"": 1.0, ""has_breaker_kz"": 0.0, ""has_mss_fvg"": 1.0, ""has_po3_dist"": 0.0, ""has_phase_expansion"": 0.0, ""has_open_midnight_respect"": 0.0, ""has_FVG_sync"": 1.0, ""has_parent_ob"": 0.0, ""has_grandparent_ob"": 0.0, ""has_good_zone"": 1.0, ""has_session_direction"": 1.0, ""ob_group_size"": 5.0, ""bars_sweep_to_validation"": 8.0, ""bars_group_to_validation"": 12.0, ""is_bullish"": 1.0, ""hour_of_day"": 12.0, ""day_of_week"": 2.0, ""minutes_into_killzone"": 45.0, ""atr_at_setup"": 3.507142857142623, ""atr_ratio_100"": 1.4549441431830819, ""dist_to_pdh_pct"": 1.484777860693119, ""dist_to_pdl_pct"": 0.10850981950778754, ""dist_to_d1_open_pct"": -1.4550445269708066, ""phase_reversal"": 0.0, ""phase_manipulation"": 0.0, ""vol_ratio_setup"": 1.4640546262336966, ""has_mss_nearby"": 1.0, ""po3_body_pct"": 0.8285714285714286, ""po3_upper_wick"": 0.0, ""po3_lower_wick"": 0.0, ""po3_aligned"": 0.0, ""po3_htf2_aligned"": 0.0, ""displacement_ratio"": 0.5702647657841521, ""fib_level"": -0.07454545454542809, ""mom_60"": -0.13843181918287473, ""mom_240"": -0.5327383377310361, ""body_ratio_recent"": 0.543923899749083, ""mom_aligned"": 0.0, ""atr_regime"": 0.8665512983965147, ""dist_pdh_atr"": 34.09613034623443, ""dist_pdl_atr"": 2.4521384928716983}",8026.7,1.1664765601860336,NO_FILL,,,,,,,,,,,
UK100,2026-05-12,bullish,2026-05-12 07:16:00+00:00,2026-05-12 07:20:00+00:00,4.0,7,Tuesday,london,0.9027917734343528,10170.75,10154.75,10217.95,2.9500000000000455,10170.75,10161.5,0.09094707863235259,False,31.259999999999856,range,0.7832962083567914,0.5727853523609037,False,range,"{""score"": 93.0, ""quality"": 42.0, ""ob_strength"": 5.0, ""sweep_strength"": 3.0, ""retest_count"": 0.0, ""is_unicorn"": 0.0, ""rr"": 2.9500000000000455, ""risk_points"": 16.0, ""tp_source_htf"": 1.0, ""tp_source_capped"": 0.0, ""daily_bias_aligned"": 1.0, ""daily_bias_neutral"": 0.0, ""kz_london"": 1.0, ""kz_ny_am"": 0.0, ""kz_ny_pm"": 0.0, ""kz_asia"": 0.0, ""kz_ny_lunch"": 0.0, ""has_smt"": 0.0, ""has_feu_vert"": 0.0, ""has_breaker_kz"": 0.0, ""has_mss_fvg"": 0.0, ""has_po3_dist"": 0.0, ""has_phase_expansion"": 0.0, ""has_open_midnight_respect"": 0.0, ""has_FVG_sync"": 1.0, ""has_parent_ob"": 0.0, ""has_grandparent_ob"": 0.0, ""has_good_zone"": 1.0, ""has_session_direction"": 1.0, ""ob_group_size"": 1.0, ""bars_sweep_to_validation"": 12.0, ""bars_group_to_validation"": 12.0, ""is_bullish"": 1.0, ""hour_of_day"": 7.0, ""day_of_week"": 1.0, ""minutes_into_killzone"": 16.0, ""atr_at_setup"": 5.875, ""atr_ratio_100"": 1.5407815368476294, ""dist_to_pdh_pct"": 1.2620440259204426, ""dist_to_pdl_pct"": 0.1575617321942933, ""dist_to_d1_open_pct"": -1.096801296051757, ""phase_reversal"": 0.0, ""phase_manipulation"": 0.0, ""vol_ratio_setup"": 1.5384760148295944, ""has_mss_nearby"": 0.0, ""po3_body_pct"": 0.8932038834951457, ""po3_upper_wick"": 0.0, ""po3_lower_wick"": 0.0, ""po3_aligned"": 0.0, ""po3_htf2_aligned"": 1.0, ""displacement_ratio"": 1.45565749235474, ""fib_level"": -2.8661290322580175, ""mom_60"": -0.347638749479766, ""mom_240"": -0.44805102694664256, ""body_ratio_recent"": 0.4571221103185713, ""mom_aligned"": 0.0, ""atr_regime"": 0.8022760879167129, ""dist_pdh_atr"": 22.127659574468087, ""dist_pdl_atr"": 2.723404255319149}",10241.65,0.6970970675712178,NO_FILL,,,,,,,,,,,
FRA40,2026-05-15,bearish,2026-05-15 07:34:00+00:00,2026-05-15 07:35:00+00:00,1.0,7,Friday,london,0.7234682627503537,8021.15,8046.15,7983.65,1.5,8041.15,8021.15,0.24934080524613056,False,36.92399999999979,range,0.9689644192768909,0.8738161090334764,False,range,"{""score"": 144.0, ""quality"": 49.0, ""ob_strength"": 4.0, ""sweep_strength"": 8.0, ""retest_count"": 0.0, ""is_unicorn"": 0.0, ""rr"": 1.5, ""risk_points"": 25.0, ""tp_source_htf"": 0.0, ""tp_source_capped"": 0.0, ""daily_bias_aligned"": 1.0, ""daily_bias_neutral"": 0.0, ""kz_london"": 1.0, ""kz_ny_am"": 0.0, ""kz_ny_pm"": 0.0, ""kz_asia"": 0.0, ""kz_ny_lunch"": 0.0, ""has_smt"": 0.0, ""has_feu_vert"": 0.0, ""has_breaker_kz"": 0.0, ""has_mss_fvg"": 1.0, ""has_po3_dist"": 0.0, ""has_phase_expansion"": 0.0, ""has_open_midnight_respect"": 0.0, ""has_FVG_sync"": 1.0, ""has_parent_ob"": 1.0, ""has_grandparent_ob"": 1.0, ""has_good_zone"": 1.0, ""has_session_direction"": 1.0, ""ob_group_size"": 5.0, ""bars_sweep_to_validation"": 17.0, ""bars_group_to_validation"": 21.0, ""is_bullish"": 0.0, ""hour_of_day"": 7.0, ""day_of_week"": 4.0, ""minutes_into_killzone"": 34.0, ""atr_at_setup"": 4.192857142857065, ""atr_ratio_100"": 0.9871352896661909, ""dist_to_pdh_pct"": 0.42394448375604316, ""dist_to_pdl_pct"": 1.5682575057297994, ""dist_to_d1_open_pct"": 1.4462235038194902, ""phase_reversal"": 0.0, ""phase_manipulation"": 0.0, ""vol_ratio_setup"": 0.9918053560868471, ""has_mss_nearby"": 0.0, ""po3_body_pct"": 0.7735849056603774, ""po3_upper_wick"": 0.0, ""po3_lower_wick"": 0.0, ""po3_aligned"": 0.0, ""po3_htf2_aligned"": 1.0, ""displacement_ratio"": 0.23850085178876082, ""fib_level"": 1.1693823417961329, ""mom_60"": 0.27004894637152305, ""mom_240"": 0.1925109372696659, ""body_ratio_recent"": 0.4143129930001724, ""mom_aligned"": 0.0, ""atr_regime"": 1.0923637870338683, ""dist_pdh_atr"": 8.144804088586312, ""dist_pdl_atr"": 29.538330494037897}",8008.8,0.15396794723947882,NO_FILL,,,,,,,,,,,
GER40,2026-05-13,bullish,2026-05-13 09:45:00+00:00,2026-05-13 09:50:00+00:00,5.0,9,Wednesday,london,0.7081486417088109,24088.3,24057.3,24134.8,1.5,24088.3,24060.3,0.11623900399779145,True,86.37999999999957,range,0.3190876579380307,0.9232822102414675,False,range,"{""score"": 101.0, ""quality"": 24.0, ""ob_strength"": 0.0, ""sweep_strength"": 8.0, ""retest_count"": 0.0, ""is_unicorn"": 0.0, ""rr"": 1.5, ""risk_points"": 31.0, ""tp_source_htf"": 0.0, ""tp_source_capped"": 0.0, ""daily_bias_aligned"": 0.0, ""daily_bias_neutral"": 1.0, ""kz_london"": 1.0, ""kz_ny_am"": 0.0, ""kz_ny_pm"": 0.0, ""kz_asia"": 0.0, ""kz_ny_lunch"": 0.0, ""has_smt"": 0.0, ""has_feu_vert"": 1.0, ""has_breaker_kz"": 0.0, ""has_mss_fvg"": 0.0, ""has_po3_dist"": 0.0, ""has_phase_expansion"": 0.0, ""has_open_midnight_respect"": 1.0, ""has_FVG_sync"": 0.0, ""has_parent_ob"": 1.0, ""has_grandparent_ob"": 1.0, ""has_good_zone"": 1.0, ""has_session_direction"": 1.0, ""ob_group_size"": 5.0, ""bars_sweep_to_validation"": 11.0, ""bars_group_to_validation"": 16.0, ""is_bullish"": 1.0, ""hour_of_day"": 9.0, ""day_of_week"": 2.0, ""minutes_into_killzone"": 45.0, ""atr_at_setup"": 12.285714285714286, ""atr_ratio_100"": 1.0811082616784857, ""dist_to_pdh_pct"": 0.6416879813330121, ""dist_to_pdl_pct"": 0.5539414583646443, ""dist_to_d1_open_pct"": -0.6138118180126576, ""phase_reversal"": 0.0, ""phase_manipulation"": 0.0, ""vol_ratio_setup"": 1.0868466282479041, ""has_mss_nearby"": 0.0, ""po3_body_pct"": 0.8305084745762712, ""po3_upper_wick"": 0.0, ""po3_lower_wick"": 0.0, ""po3_aligned"": 0.0, ""po3_htf2_aligned"": 1.0, ""displacement_ratio"": 0.7325581395348837, ""fib_level"": 0.10145510628311484, ""mom_60"": -0.24843383171920352, ""mom_240"": -0.12134870776271223, ""body_ratio_recent"": 0.48175803845912546, ""mom_aligned"": 0.0, ""atr_regime"": 0.9621444965578418, ""dist_pdh_atr"": 12.662674418604627, ""dist_pdl_atr"": 10.801162790697733}",24038.43,-0.20702996890606223,INVALID_PRICE,,,,,,,,,,,
GER40,2026-05-12,bearish,2026-05-12 14:17:00+00:00,2026-05-12 14:20:00+00:00,3.0,14,Tuesday,ny_morning,0.7256111842497629,24041.5,24059.5,24007.66,1.880000000000008,24054.5,24041.5,0.0540731651519248,False,94.54000000000015,range,1.4635673149152855,0.016693097404223353,False,range,"{""score"": 116.0, ""quality"": 48.0, ""ob_strength"": 6.0, ""sweep_strength"": 7.0, ""retest_count"": 0.0, ""is_unicorn"": 0.0, ""rr"": 1.880000000000008, ""risk_points"": 18.0, ""tp_source_htf"": 1.0, ""tp_source_capped"": 0.0, ""daily_bias_aligned"": 0.0, ""daily_bias_neutral"": 1.0, ""kz_london"": 0.0, ""kz_ny_am"": 1.0, ""kz_ny_pm"": 0.0, ""kz_asia"": 0.0, ""kz_ny_lunch"": 0.0, ""has_smt"": 0.0, ""has_feu_vert"": 1.0, ""has_breaker_kz"": 0.0, ""has_mss_fvg"": 1.0, ""has_po3_dist"": 1.0, ""has_phase_expansion"": 0.0, ""has_open_midnight_respect"": 1.0, ""has_FVG_sync"": 1.0, ""has_parent_ob"": 1.0, ""has_grandparent_ob"": 1.0, ""has_good_zone"": 0.0, ""has_session_direction"": 1.0, ""ob_group_size"": 1.0, ""bars_sweep_to_validation"": 4.0, ""bars_group_to_validation"": 4.0, ""is_bullish"": 0.0, ""hour_of_day"": 14.0, ""day_of_week"": 1.0, ""minutes_into_killzone"": 17.0, ""atr_at_setup"": 10.914285714285663, ""atr_ratio_100"": 0.9946220110892514, ""dist_to_pdh_pct"": 0.8821515311803942, ""dist_to_pdl_pct"": 0.5562875128092519, ""dist_to_d1_open_pct"": 0.12381427941380234, ""phase_reversal"": 0.0, ""phase_manipulation"": 0.0, ""vol_ratio_setup"": 0.9955292397622688, ""has_mss_nearby"": 1.0, ""po3_body_pct"": 0.4528301886792453, ""po3_upper_wick"": 0.0, ""po3_lower_wick"": 0.0, ""po3_aligned"": 0.0, ""po3_htf2_aligned"": 1.0, ""displacement_ratio"": 1.1910994764397962, ""fib_level"": 0.30743243243243246, ""mom_60"": -0.14953581590479553, ""mom_240"": -0.17026931622334351, ""body_ratio_recent"": 0.39317590769796784, ""mom_aligned"": 1.0, ""atr_regime"": 0.9322945978378457, ""dist_pdh_atr"": 19.604581151832658, ""dist_pdl_atr"": 12.185863874345607}",24085.0,-0.18093712954682528,INVALID_PRICE,,,,,,,,,,,
GER40,2026-05-12,bullish,2026-05-12 15:29:00+00:00,2026-05-12 15:35:00+00:00,6.0,15,Tuesday,ny_morning,0.7406253742326029,23935.5,23908.5,23980.75,1.6759259259259258,23935.5,23926.5,0.037601052829479224,False,96.8,range,1.4248428789175902,0.15868707326749212,False,range,"{""score"": 117.0, ""quality"": 67.0, ""ob_strength"": 9.0, ""sweep_strength"": 6.0, ""retest_count"": 0.0, ""is_unicorn"": 0.0, ""rr"": 1.6759259259259258, ""risk_points"": 27.0, ""tp_source_htf"": 0.0, ""tp_source_capped"": 0.0, ""daily_bias_aligned"": 0.0, ""daily_bias_neutral"": 1.0, ""kz_london"": 0.0, ""kz_ny_am"": 1.0, ""kz_ny_pm"": 0.0, ""kz_asia"": 0.0, ""kz_ny_lunch"": 0.0, ""has_smt"": 0.0, ""has_feu_vert"": 1.0, ""has_breaker_kz"": 0.0, ""has_mss_fvg"": 1.0, ""has_po3_dist"": 0.0, ""has_phase_expansion"": 1.0, ""has_open_midnight_respect"": 0.0, ""has_FVG_sync"": 1.0, ""has_parent_ob"": 0.0, ""has_grandparent_ob"": 0.0, ""has_good_zone"": 1.0, ""has_session_direction"": 1.0, ""ob_group_size"": 1.0, ""bars_sweep_to_validation"": 9.0, ""bars_group_to_validation"": 9.0, ""is_bullish"": 1.0, ""hour_of_day"": 15.0, ""day_of_week"": 1.0, ""minutes_into_killzone"": 29.0, ""atr_at_setup"": 9.357142857142858, ""atr_ratio_100"": 0.8135938489820772, ""dist_to_pdh_pct"": 1.319166357114503, ""dist_to_pdl_pct"": 0.1129305477131564, ""dist_to_d1_open_pct"": -0.31763589273094167, ""phase_reversal"": 0.0, ""phase_manipulation"": 0.0, ""vol_ratio_setup"": 0.8135938489820772, ""has_mss_nearby"": 1.0, ""po3_body_pct"": 0.36, ""po3_upper_wick"": 0.0, ""po3_lower_wick"": 0.0, ""po3_aligned"": 1.0, ""po3_htf2_aligned"": 0.0, ""displacement_ratio"": 3.0992366412213737, ""fib_level"": -1.2543859649122806, ""mom_60"": -0.2913449732586935, ""mom_240"": -0.5149394738481343, ""body_ratio_recent"": 0.41888528138528136, ""mom_aligned"": 0.0, ""atr_regime"": 0.9723770496872718, ""dist_pdh_atr"": 34.19526717557264, ""dist_pdl_atr"": 2.8854961832061066}",24135.1,0.8339077938626664,NO_FILL,,,,,,,,,,,
GER40,2026-05-14,bullish,2026-05-14 00:37:00+00:00,2026-05-14 00:40:00+00:00,3.0,0,Thursday,asia,0.7689415278770841,24251.47,24245.47,24263.47,2.0,24251.47,24247.47,0.016493845527714403,True,37.03399999999965,bullish,0.038315170706442234,1.1785828907519114,True,range,"{""score"": 80.0, ""quality"": 54.0, ""ob_strength"": 9.0, ""sweep_strength"": 5.0, ""retest_count"": 0.0, ""is_unicorn"": 0.0, ""rr"": 2.0, ""risk_points"": 6.0, ""tp_source_htf"": 1.0, ""tp_source_capped"": 1.0, ""daily_bias_aligned"": 0.0, ""daily_bias_neutral"": 1.0, ""kz_london"": 0.0, ""kz_ny_am"": 0.0, ""kz_ny_pm"": 0.0, ""kz_asia"": 1.0, ""kz_ny_lunch"": 0.0, ""has_smt"": 0.0, ""has_feu_vert"": 1.0, ""has_breaker_kz"": 0.0, ""has_mss_fvg"": 1.0, ""has_po3_dist"": 1.0, ""has_phase_expansion"": 0.0, ""has_open_midnight_respect"": 1.0, ""has_FVG_sync"": 1.0, ""has_parent_ob"": 0.0, ""has_grandparent_ob"": 0.0, ""has_good_zone"": 1.0, ""has_session_direction"": 1.0, ""ob_group_size"": 1.0, ""bars_sweep_to_validation"": 1.0, ""bars_group_to_validation"": 2.0, ""is_bullish"": 1.0, ""hour_of_day"": 0.0, ""day_of_week"": 3.0, ""minutes_into_killzone"": 37.0, ""atr_at_setup"": 7.928571428571429, ""atr_ratio_100"": 1.397844045939945, ""dist_to_pdh_pct"": 0.929490583765672, ""dist_to_pdl_pct"": 0.3106338958247338, ""dist_to_d1_open_pct"": -0.2179437172796309, ""phase_reversal"": 0.0, ""phase_manipulation"": 0.0, ""vol_ratio_setup"": 1.4352340748270351, ""has_mss_nearby"": 0.0, ""po3_body_pct"": 0.8409090909090909, ""po3_upper_wick"": 0.0, ""po3_lower_wick"": 0.0, ""po3_aligned"": 0.0, ""po3_htf2_aligned"": 1.0, ""displacement_ratio"": 0.7064220183486238, ""fib_level"": 0.5, ""mom_60"": 0.14697461426389533, ""mom_240"": 0.35442126775830474, ""body_ratio_recent"": 0.4079528986265261, ""mom_aligned"": 1.0, ""atr_regime"": 0.43510448454237716, ""dist_pdh_atr"": 28.697477477477328, ""dist_pdl_atr"": 9.472072072072347}",24173.9,-0.3198568993962003,INVALID_PRICE,,,,,,,,,,,
GER40,2026-05-14,bullish,2026-05-14 05:45:00+00:00,2026-05-14 05:50:00+00:00,5.0,5,Thursday,asia,0.8560789775081201,24214.77,24176.37,24272.370000000003,1.5,24214.77,24190.97,0.09828711980332365,True,49.880000000000294,range,0.20303336803882185,1.0158683782544737,True,range,"{""score"": 70.0, ""quality"": 39.0, ""ob_strength"": 3.0, ""sweep_strength"": 6.0, ""retest_count"": 0.0, ""is_unicorn"": 0.0, ""rr"": 1.5, ""risk_points"": 38.400000000001455, ""tp_source_htf"": 0.0, ""tp_source_capped"": 0.0, ""daily_bias_aligned"": 0.0, ""daily_bias_neutral"": 1.0, ""kz_london"": 0.0, ""kz_ny_am"": 0.0, ""kz_ny_pm"": 0.0, ""kz_asia"": 0.0, ""kz_ny_lunch"": 0.0, ""has_smt"": 0.0, ""has_feu_vert"": 1.0, ""has_breaker_kz"": 0.0, ""has_mss_fvg"": 1.0, ""has_po3_dist"": 1.0, ""has_phase_expansion"": 1.0, ""has_open_midnight_respect"": 1.0, ""has_FVG_sync"": 1.0, ""has_parent_ob"": 1.0, ""has_grandparent_ob"": 0.0, ""has_good_zone"": 0.0, ""has_session_direction"": 0.0, ""ob_group_size"": 4.0, ""bars_sweep_to_validation"": 28.0, ""bars_group_to_validation"": 32.0, ""is_bullish"": 1.0, ""hour_of_day"": 5.0, ""day_of_week"": 3.0, ""minutes_into_killzone"": -1.0, ""atr_at_setup"": 7.785714285713766, ""atr_ratio_100"": 1.1985397607318284, ""dist_to_pdh_pct"": 1.0794150087830368, ""dist_to_pdl_pct"": 0.1588327776254312, ""dist_to_d1_open_pct"": -0.368944933518313, ""phase_reversal"": 0.0, ""phase_manipulation"": 0.0, ""vol_ratio_setup"": 1.2015503875968458, ""has_mss_nearby"": 1.0, ""po3_body_pct"": 0.8639455782312992, ""po3_upper_wick"": 0.0, ""po3_lower_wick"": 0.0, ""po3_aligned"": 0.0, ""po3_htf2_aligned"": 1.0, ""displacement_ratio"": 4.658064516129627, ""fib_level"": 0.5076628352491047, ""mom_60"": 0.06194387306957081, ""mom_240"": 0.014446709596784079, ""body_ratio_recent"": 0.4535735185904942, ""mom_aligned"": 1.0, ""atr_regime"": 0.569315032189043, ""dist_pdh_atr"": 33.937798165139824, ""dist_pdl_atr"": 4.932110091743636}",24263.8,0.2024797262166803,NO_FILL,,,,,,,,,,,
GER40,2026-05-14,bearish,2026-05-14 11:17:00+00:00,2026-05-14 11:20:00+00:00,3.0,11,Thursday,london,0.7629639382446937,24448.0,24467.0,24410.0,2.0,24467.0,24448.0,0.07771596858638743,True,82.94000000000014,range,0.10632642211589581,1.6672800883327228,True,range,"{""score"": 12.0, ""quality"": 37.0, ""ob_strength"": 4.0, ""sweep_strength"": 7.0, ""retest_count"": 0.0, ""is_unicorn"": 0.0, ""rr"": 2.0, ""risk_points"": 19.0, ""tp_source_htf"": 1.0, ""tp_source_capped"": 1.0, ""daily_bias_aligned"": 0.0, ""daily_bias_neutral"": 1.0, ""kz_london"": 0.0, ""kz_ny_am"": 0.0, ""kz_ny_pm"": 0.0, ""kz_asia"": 0.0, ""kz_ny_lunch"": 0.0, ""has_smt"": 0.0, ""has_feu_vert"": 1.0, ""has_breaker_kz"": 0.0, ""has_mss_fvg"": 1.0, ""has_po3_dist"": 1.0, ""has_phase_expansion"": 0.0, ""has_open_midnight_respect"": 0.0, ""has_FVG_sync"": 0.0, ""has_parent_ob"": 0.0, ""has_grandparent_ob"": 0.0, ""has_good_zone"": 1.0, ""has_session_direction"": 0.0, ""ob_group_size"": 2.0, ""bars_sweep_to_validation"": 5.0, ""bars_group_to_validation"": 6.0, ""is_bullish"": 0.0, ""hour_of_day"": 11.0, ""day_of_week"": 3.0, ""minutes_into_killzone"": -1.0, ""atr_at_setup"": 10.428571428571429, ""atr_ratio_100"": 1.0700360587493787, ""dist_to_pdh_pct"": 0.12663916009640916, ""dist_to_pdl_pct"": 1.123535088187354, ""dist_to_d1_open_pct"": 0.5906739673903258, ""phase_reversal"": 0.0, ""phase_manipulation"": 0.0, ""vol_ratio_setup"": 1.074445850872805, ""has_mss_nearby"": 1.0, ""po3_body_pct"": 0.5, ""po3_upper_wick"": 0.0, ""po3_lower_wick"": 0.0, ""po3_aligned"": 1.0, ""po3_htf2_aligned"": 0.0, ""displacement_ratio"": 0.1917808219178082, ""fib_level"": 0.7207792207792207, ""mom_60"": -0.04497505928530542, ""mom_240"": 0.303614655561482, ""body_ratio_recent"": 0.48656807245042544, ""mom_aligned"": 1.0, ""atr_regime"": 0.9289821807989982, ""dist_pdh_atr"": 2.9726027397260273, ""dist_pdl_atr"": 26.04671232876722}",24181.47,1.090191426701566,NO_FILL,,,,,,,,,,,
GER40,2026-05-14,bearish,2026-05-14 11:24:00+00:00,2026-05-14 11:25:00+00:00,1.0,11,Thursday,london,0.8041174660596735,24450.0,24468.0,24414.0,2.0,24463.0,24450.0,0.05316973415132924,True,82.94000000000014,range,0.10632642211589581,1.6672800883327228,True,range,"{""score"": 35.0, ""quality"": 47.0, ""ob_strength"": 5.0, ""sweep_strength"": 8.0, ""retest_count"": 0.0, ""is_unicorn"": 0.0, ""rr"": 2.0, ""risk_points"": 18.0, ""tp_source_htf"": 1.0, ""tp_source_capped"": 1.0, ""daily_bias_aligned"": 0.0, ""daily_bias_neutral"": 1.0, ""kz_london"": 0.0, ""kz_ny_am"": 0.0, ""kz_ny_pm"": 0.0, ""kz_asia"": 0.0, ""kz_ny_lunch"": 0.0, ""has_smt"": 0.0, ""has_feu_vert"": 1.0, ""has_breaker_kz"": 0.0, ""has_mss_fvg"": 0.0, ""has_po3_dist"": 1.0, ""has_phase_expansion"": 0.0, ""has_open_midnight_respect"": 0.0, ""has_FVG_sync"": 1.0, ""has_parent_ob"": 0.0, ""has_grandparent_ob"": 0.0, ""has_good_zone"": 1.0, ""has_session_direction"": 0.0, ""ob_group_size"": 2.0, ""bars_sweep_to_validation"": 2.0, ""bars_group_to_validation"": 4.0, ""is_bullish"": 0.0, ""hour_of_day"": 11.0, ""day_of_week"": 3.0, ""minutes_into_killzone"": -1.0, ""atr_at_setup"": 8.428571428571429, ""atr_ratio_100"": 0.9026099195300317, ""dist_to_pdh_pct"": 0.11846889170309244, ""dist_to_pdl_pct"": 1.1318076286886782, ""dist_to_d1_open_pct"": 0.5989029165041504, ""phase_reversal"": 0.0, ""phase_manipulation"": 0.0, ""vol_ratio_setup"": 0.9064929477921526, ""has_mss_nearby"": 0.0, ""po3_body_pct"": 0.5, ""po3_upper_wick"": 0.0, ""po3_lower_wick"": 0.0, ""po3_aligned"": 1.0, ""po3_htf2_aligned"": 0.0, ""displacement_ratio"": 0.711864406779661, ""fib_level"": 0.7077922077922078, ""mom_60"": -0.020448225094061835, ""mom_240"": 0.3365483275189821, ""body_ratio_recent"": 0.4998414085914086, ""mom_aligned"": 1.0, ""atr_regime"": 0.9217627931244103, ""dist_pdh_atr"": 3.4406779661016946, ""dist_pdl_atr"": 32.46457627118656}",24198.47,1.028752556237214,NO_FILL,,,,,,,,,,,
GER40,2026-05-14,bearish,2026-05-14 11:25:00+00:00,2026-05-14 11:30:00+00:00,5.0,11,Thursday,london,0.7752340499728184,24447.0,24468.0,24405.0,2.0,24455.0,24447.0,0.03272385159733301,True,82.94000000000014,range,0.10632642211589581,1.6672800883327228,True,range,"{""score"": 9.0, ""quality"": 44.0, ""ob_strength"": 5.0, ""sweep_strength"": 5.0, ""retest_count"": 0.0, ""is_unicorn"": 0.0, ""rr"": 2.0, ""risk_points"": 21.0, ""tp_source_htf"": 1.0, ""tp_source_capped"": 1.0, ""daily_bias_aligned"": 0.0, ""daily_bias_neutral"": 1.0, ""kz_london"": 0.0, ""kz_ny_am"": 0.0, ""kz_ny_pm"": 0.0, ""kz_asia"": 0.0, ""kz_ny_lunch"": 0.0, ""has_smt"": 0.0, ""has_feu_vert"": 1.0, ""has_breaker_kz"": 0.0, ""has_mss_fvg"": 0.0, ""has_po3_dist"": 1.0, ""has_phase_expansion"": 0.0, ""has_open_midnight_respect"": 0.0, ""has_FVG_sync"": 1.0, ""has_parent_ob"": 0.0, ""has_grandparent_ob"": 0.0, ""has_good_zone"": 0.0, ""has_session_direction"": 0.0, ""ob_group_size"": 1.0, ""bars_sweep_to_validation"": 6.0, ""bars_group_to_validation"": 7.0, ""is_bullish"": 0.0, ""hour_of_day"": 11.0, ""day_of_week"": 3.0, ""minutes_into_killzone"": -1.0, ""atr_at_setup"": 8.785714285714286, ""atr_ratio_100"": 0.9378431133341474, ""dist_to_pdh_pct"": 0.13072429429306753, ""dist_to_pdl_pct"": 1.119398817936692, ""dist_to_d1_open_pct"": 0.5865594928334136, ""phase_reversal"": 0.0, ""phase_manipulation"": 0.0, ""vol_ratio_setup"": 0.9418647390345513, ""has_mss_nearby"": 0.0, ""po3_body_pct"": 0.5, ""po3_upper_wick"": 0.0, ""po3_lower_wick"": 0.0, ""po3_aligned"": 1.0, ""po3_htf2_aligned"": 0.0, ""displacement_ratio"": 0.7967479674796747, ""fib_level"": 0.6363636363636364, ""mom_60"": -0.06950975180929796, ""mom_240"": 0.2707803397062444, ""body_ratio_recent"": 0.520674741924742, ""mom_aligned"": 1.0, ""atr_regime"": 0.9214821444575243, ""dist_pdh_atr"": 3.6422764227642275, ""dist_pdl_atr"": 30.803414634146456}",24200.47,1.0084263917863086,NO_FILL,,,,,,,,,,,
GER40,2026-05-15,bearish,2026-05-15 08:00:00+00:00,2026-05-15 08:05:00+00:00,5.0,8,Friday,london,0.7143017200334234,24169.2,24206.2,24113.7,1.5,24206.2,24169.2,0.15308740049318967,False,109.34599999999992,range,1.7173820001080344,0.3303456787045463,False,range,"{""score"": 83.0, ""quality"": 29.0, ""ob_strength"": 2.0, ""sweep_strength"": 4.0, ""retest_count"": 0.0, ""is_unicorn"": 0.0, ""rr"": 1.5, ""risk_points"": 37.0, ""tp_source_htf"": 0.0, ""tp_source_capped"": 0.0, ""daily_bias_aligned"": 1.0, ""daily_bias_neutral"": 0.0, ""kz_london"": 1.0, ""kz_ny_am"": 0.0, ""kz_ny_pm"": 0.0, ""kz_asia"": 0.0, ""kz_ny_lunch"": 0.0, ""has_smt"": 0.0, ""has_feu_vert"": 0.0, ""has_breaker_kz"": 0.0, ""has_mss_fvg"": 1.0, ""has_po3_dist"": 0.0, ""has_phase_expansion"": 1.0, ""has_open_midnight_respect"": 0.0, ""has_FVG_sync"": 1.0, ""has_parent_ob"": 0.0, ""has_grandparent_ob"": 0.0, ""has_good_zone"": 0.0, ""has_session_direction"": 1.0, ""ob_group_size"": 4.0, ""bars_sweep_to_validation"": 6.0, ""bars_group_to_validation"": 9.0, ""is_bullish"": 0.0, ""hour_of_day"": 8.0, ""day_of_week"": 4.0, ""minutes_into_killzone"": 0.0, ""atr_at_setup"": 11.071428571428571, ""atr_ratio_100"": 1.0153920330375807, ""dist_to_pdh_pct"": 0.6611982620682924, ""dist_to_pdl_pct"": 1.3651404773587992, ""dist_to_d1_open_pct"": 1.1861824584995302, ""phase_reversal"": 0.0, ""phase_manipulation"": 0.0, ""vol_ratio_setup"": 1.021010418258564, ""has_mss_nearby"": 0.0, ""po3_body_pct"": 0.8804347826086957, ""po3_upper_wick"": 0.0, ""po3_lower_wick"": 0.0, ""po3_aligned"": 0.0, ""po3_htf2_aligned"": 0.0, ""displacement_ratio"": 2.167741935483871, ""fib_level"": 0.5880790528069167, ""mom_60"": -0.10333909276543679, ""mom_240"": 0.029511503898792587, ""body_ratio_recent"": 0.4986280794369029, ""mom_aligned"": 1.0, ""atr_regime"": 0.971085256886875, ""dist_pdh_atr"": 14.530193548387006, ""dist_pdl_atr"": 29.400000000000002}",24143.17,0.10769905499562449,WIN,2026-05-15 08:51:43.179000+00:00,2803.179,24169.2,37.0,55.5,1.5208108108108227,0.9359459459459735,6683.0,2026-05-15 11:07:22.903000+00:00,8139.724,1.5
GER40,2026-05-15,bearish,2026-05-15 08:01:00+00:00,2026-05-15 08:15:00+00:00,14.0,8,Friday,london,0.704010607169339,24176.2,24203.2,24130.85,1.6796296296297104,24185.2,24176.2,0.03722669402139294,False,109.34599999999992,range,1.7173820001080344,0.3303456787045463,False,range,"{""score"": 101.0, ""quality"": 57.0, ""ob_strength"": 8.0, ""sweep_strength"": 3.0, ""retest_count"": 0.0, ""is_unicorn"": 0.0, ""rr"": 1.6796296296297104, ""risk_points"": 27.0, ""tp_source_htf"": 0.0, ""tp_source_capped"": 0.0, ""daily_bias_aligned"": 1.0, ""daily_bias_neutral"": 0.0, ""kz_london"": 1.0, ""kz_ny_am"": 0.0, ""kz_ny_pm"": 0.0, ""kz_asia"": 0.0, ""kz_ny_lunch"": 0.0, ""has_smt"": 0.0, ""has_feu_vert"": 0.0, ""has_breaker_kz"": 0.0, ""has_mss_fvg"": 1.0, ""has_po3_dist"": 0.0, ""has_phase_expansion"": 1.0, ""has_open_midnight_respect"": 0.0, ""has_FVG_sync"": 1.0, ""has_parent_ob"": 0.0, ""has_grandparent_ob"": 0.0, ""has_good_zone"": 0.0, ""has_session_direction"": 1.0, ""ob_group_size"": 1.0, ""bars_sweep_to_validation"": 1.0, ""bars_group_to_validation"": 2.0, ""is_bullish"": 0.0, ""hour_of_day"": 8.0, ""day_of_week"": 4.0, ""minutes_into_killzone"": 1.0, ""atr_at_setup"": 12.071428571428571, ""atr_ratio_100"": 1.0861852659290028, ""dist_to_pdh_pct"": 0.6324272803160821, ""dist_to_pdl_pct"": 1.3944983370869455, ""dist_to_d1_open_pct"": 1.2154884875451544, ""phase_reversal"": 0.0, ""phase_manipulation"": 0.0, ""vol_ratio_setup"": 1.092081183635066, ""has_mss_nearby"": 1.0, ""po3_body_pct"": 0.8804347826086957, ""po3_upper_wick"": 0.0, ""po3_lower_wick"": 0.0, ""po3_aligned"": 0.0, ""po3_htf2_aligned"": 0.0, ""displacement_ratio"": 0.9940828402366864, ""fib_level"": 0.556565974879577, ""mom_60"": -0.2148121220132853, ""mom_240"": -0.006085275826500616, ""body_ratio_recent"": 0.532281925590749, ""mom_aligned"": 1.0, ""atr_regime"": 0.976417012596265, ""dist_pdh_atr"": 12.746627218934828, ""dist_pdl_atr"": 27.544378698224854}",24125.67,0.20900720543345305,LOSS,2026-05-15 08:51:46.390000+00:00,2206.39,24176.2,27.0,45.35000000000218,0.19888888888885117,1.0048148148148526,361.0,2026-05-15 08:55:24.036000+00:00,217.646,-1.0
GER40,2026-05-15,bullish,2026-05-15 15:59:00+00:00,2026-05-15 16:00:00+00:00,1.0,16,Friday,ny_afternoon,0.7088350632613456,23866.7,23843.7,23912.7,2.0,23866.7,23850.7,0.06703901251534565,False,95.15999999999985,range,1.9732297244679615,0.17165800700867082,False,range,"{""score"": 51.0, ""quality"": 37.0, ""ob_strength"": 4.0, ""sweep_strength"": 6.0, ""retest_count"": 0.0, ""is_unicorn"": 0.0, ""rr"": 2.0, ""risk_points"": 23.0, ""tp_source_htf"": 1.0, ""tp_source_capped"": 1.0, ""daily_bias_aligned"": 0.0, ""daily_bias_neutral"": 0.0, ""kz_london"": 0.0, ""kz_ny_am"": 1.0, ""kz_ny_pm"": 0.0, ""kz_asia"": 0.0, ""kz_ny_lunch"": 0.0, ""has_smt"": 0.0, ""has_feu_vert"": 0.0, ""has_breaker_kz"": 0.0, ""has_mss_fvg"": 0.0, ""has_po3_dist"": 0.0, ""has_phase_expansion"": 0.0, ""has_open_midnight_respect"": 0.0, ""has_FVG_sync"": 1.0, ""has_parent_ob"": 0.0, ""has_grandparent_ob"": 0.0, ""has_good_zone"": 1.0, ""has_session_direction"": 1.0, ""ob_group_size"": 1.0, ""bars_sweep_to_validation"": 6.0, ""bars_group_to_validation"": 6.0, ""is_bullish"": 1.0, ""hour_of_day"": 15.0, ""day_of_week"": 4.0, ""minutes_into_killzone"": 59.0, ""atr_at_setup"": 12.5, ""atr_ratio_100"": 0.9897070467141725, ""dist_to_pdh_pct"": 1.9045156877888103, ""dist_to_pdl_pct"": 0.09646153910676615, ""dist_to_d1_open_pct"": -0.0802566538292231, ""phase_reversal"": 0.0, ""phase_manipulation"": 0.0, ""vol_ratio_setup"": 0.9856123258185114, ""has_mss_nearby"": 1.0, ""po3_body_pct"": 0.5, ""po3_upper_wick"": 0.0, ""po3_lower_wick"": 0.0, ""po3_aligned"": 0.0, ""po3_htf2_aligned"": 0.0, ""displacement_ratio"": 0.6436781609195402, ""fib_level"": -0.33574007220217483, ""mom_60"": -0.42960163832547116, ""mom_240"": -0.525028439040448, ""body_ratio_recent"": 0.49479842053371464, ""mom_aligned"": 0.0, ""atr_regime"": 1.209830149324384, ""dist_pdh_atr"": 37.069599999999916, ""dist_pdl_atr"": 1.84}",24038.3,0.718993409227076,NO_FILL,,,,,,,,,,,
SP500,2026-05-13,bullish,2026-05-13 14:53:00+00:00,2026-05-13 14:55:00+00:00,2.0,14,Wednesday,ny_morning,0.7409780607962598,7415.82,7406.45,7436.78,2.23692636072575,7415.82,7409.2,0.08926861763095506,True,20.920000000000073,range,0.29283287493933363,0.5635549803160247,True,range,"{""score"": 71.0, ""quality"": 26.0, ""ob_strength"": 2.0, ""sweep_strength"": 3.0, ""retest_count"": 0.0, ""is_unicorn"": 0.0, ""rr"": 2.23692636072575, ""risk_points"": 9.36999999999989, ""tp_source_htf"": 1.0, ""tp_source_capped"": 0.0, ""daily_bias_aligned"": 1.0, ""daily_bias_neutral"": 0.0, ""kz_london"": 0.0, ""kz_ny_am"": 1.0, ""kz_ny_pm"": 0.0, ""kz_asia"": 0.0, ""kz_ny_lunch"": 0.0, ""has_smt"": 0.0, ""has_feu_vert"": 0.0, ""has_breaker_kz"": 0.0, ""has_mss_fvg"": 0.0, ""has_po3_dist"": 1.0, ""has_phase_expansion"": 0.0, ""has_open_midnight_respect"": 0.0, ""has_FVG_sync"": 1.0, ""has_parent_ob"": 0.0, ""has_grandparent_ob"": 0.0, ""has_good_zone"": 0.0, ""has_session_direction"": 1.0, ""ob_group_size"": 4.0, ""bars_sweep_to_validation"": 15.0, ""bars_group_to_validation"": 18.0, ""is_bullish"": 1.0, ""hour_of_day"": 14.0, ""day_of_week"": 2.0, ""minutes_into_killzone"": 53.0, ""atr_at_setup"": 2.615714285714278, ""atr_ratio_100"": 0.8724282188360618, ""dist_to_pdh_pct"": 0.6980496655708743, ""dist_to_pdl_pct"": 0.4384129370416254, ""dist_to_d1_open_pct"": -0.594890217420446, ""phase_reversal"": 0.0, ""phase_manipulation"": 0.0, ""vol_ratio_setup"": 0.8738855691949353, ""has_mss_nearby"": 0.0, ""po3_body_pct"": 0.5, ""po3_upper_wick"": 0.0, ""po3_lower_wick"": 0.0, ""po3_aligned"": 1.0, ""po3_htf2_aligned"": 0.0, ""displacement_ratio"": 0.7646095030038252, ""fib_level"": 0.7994497936726302, ""mom_60"": 0.29070946631150535, ""mom_240"": -0.1427071272786069, ""body_ratio_recent"": 0.4637303637902856, ""mom_aligned"": 1.0, ""atr_regime"": 1.215970734390292, ""dist_pdh_atr"": 19.92954669579475, ""dist_pdl_atr"": 12.375204806116871}",7428.41,0.16977218972413227,NO_FILL,,,,,,,,,,,
SP500,2026-05-12,bearish,2026-05-12 08:01:00+00:00,2026-05-12 08:05:00+00:00,4.0,8,Tuesday,london,0.7070813465470459,7398.4,7400.9,7394.65,1.5,7400.9,7398.4,0.033791089965397925,False,10.6,range,0.5935424528939944,0.09468544143705447,True,range,"{""score"": 66.0, ""quality"": 34.0, ""ob_strength"": 4.0, ""sweep_strength"": 4.0, ""retest_count"": 0.0, ""is_unicorn"": 0.0, ""rr"": 1.5, ""risk_points"": 2.5, ""tp_source_htf"": 1.0, ""tp_source_capped"": 0.0, ""daily_bias_aligned"": 0.0, ""daily_bias_neutral"": 1.0, ""kz_london"": 1.0, ""kz_ny_am"": 0.0, ""kz_ny_pm"": 0.0, ""kz_asia"": 0.0, ""kz_ny_lunch"": 0.0, ""has_smt"": 0.0, ""has_feu_vert"": 1.0, ""has_breaker_kz"": 0.0, ""has_mss_fvg"": 1.0, ""has_po3_dist"": 0.0, ""has_phase_expansion"": 1.0, ""has_open_midnight_respect"": 1.0, ""has_FVG_sync"": 1.0, ""has_parent_ob"": 0.0, ""has_grandparent_ob"": 0.0, ""has_good_zone"": 0.0, ""has_session_direction"": 1.0, ""ob_group_size"": 1.0, ""bars_sweep_to_validation"": 7.0, ""bars_group_to_validation"": 7.0, ""is_bullish"": 0.0, ""hour_of_day"": 8.0, ""day_of_week"": 1.0, ""minutes_into_killzone"": 1.0, ""atr_at_setup"": 1.0707142857142702, ""atr_ratio_100"": 0.7968402811001335, ""dist_to_pdh_pct"": 0.3870932995832857, ""dist_to_pdl_pct"": 0.7092005499366955, ""dist_to_d1_open_pct"": -0.07361035137125586, ""phase_reversal"": 0.0, ""phase_manipulation"": 0.0, ""vol_ratio_setup"": 0.8006537693219452, ""has_mss_nearby"": 1.0, ""po3_body_pct"": 0.9320175438596603, ""po3_upper_wick"": 0.0, ""po3_lower_wick"": 0.0, ""po3_aligned"": 0.0, ""po3_htf2_aligned"": 0.0, ""displacement_ratio"": 1.9799866577726242, ""fib_level"": 0.48672566371681414, ""mom_60"": 0.0913347044814895, ""mom_240"": -0.17031567781457183, ""body_ratio_recent"": 0.44779103016059774, ""mom_aligned"": 0.0, ""atr_regime"": 0.6184547255518368, ""dist_pdh_atr"": 26.851234156104457, ""dist_pdl_atr"": 48.659106070714}",7412.78,-0.19436634948097034,INVALID_PRICE,,,,,,,,,,,
SP500,2026-05-12,bullish,2026-05-12 15:38:00+00:00,2026-05-12 15:40:00+00:00,2.0,15,Tuesday,ny_morning,0.7259765618787145,7358.55,7346.3,7377.77,1.5689795918367555,7358.55,7347.55,0.14948597210048176,False,22.29399999999987,range,0.9995036478483474,0.09995036478482731,False,range,"{""score"": 66.0, ""quality"": 39.0, ""ob_strength"": 3.0, ""sweep_strength"": 6.0, ""retest_count"": 0.0, ""is_unicorn"": 0.0, ""rr"": 1.5689795918367555, ""risk_points"": 12.25, ""tp_source_htf"": 1.0, ""tp_source_capped"": 0.0, ""daily_bias_aligned"": 0.0, ""daily_bias_neutral"": 1.0, ""kz_london"": 0.0, ""kz_ny_am"": 1.0, ""kz_ny_pm"": 0.0, ""kz_asia"": 0.0, ""kz_ny_lunch"": 0.0, ""has_smt"": 0.0, ""has_feu_vert"": 1.0, ""has_breaker_kz"": 0.0, ""has_mss_fvg"": 1.0, ""has_po3_dist"": 0.0, ""has_phase_expansion"": 0.0, ""has_open_midnight_respect"": 0.0, ""has_FVG_sync"": 1.0, ""has_parent_ob"": 0.0, ""has_grandparent_ob"": 0.0, ""has_good_zone"": 1.0, ""has_session_direction"": 1.0, ""ob_group_size"": 5.0, ""bars_sweep_to_validation"": 14.0, ""bars_group_to_validation"": 18.0, ""is_bullish"": 1.0, ""hour_of_day"": 15.0, ""day_of_week"": 1.0, ""minutes_into_killzone"": 38.0, ""atr_at_setup"": 3.740714285714278, ""atr_ratio_100"": 1.0807876934252931, ""dist_to_pdh_pct"": 0.9236382730926326, ""dist_to_pdl_pct"": 0.16675060915018444, ""dist_to_d1_open_pct"": -0.6118438380032035, ""phase_reversal"": 0.0, ""phase_manipulation"": 0.0, ""vol_ratio_setup"": 1.082351287785157, ""has_mss_nearby"": 1.0, ""po3_body_pct"": 0.8441196938065554, ""po3_upper_wick"": 0.0, ""po3_lower_wick"": 0.0, ""po3_aligned"": 0.0, ""po3_htf2_aligned"": 0.0, ""displacement_ratio"": 0.4678250907007838, ""fib_level"": -1.3340909090908843, ""mom_60"": -0.17767771161957244, ""mom_240"": -0.44274422964803073, ""body_ratio_recent"": 0.49839176132173935, ""mom_aligned"": 0.0, ""atr_regime"": 1.5145271804325482, ""dist_pdh_atr"": 18.338743555470582, ""dist_pdl_atr"": 3.274775634905487}",7394.01,0.48188841551664435,NO_FILL,,,,,,,,,,,
SP500,2026-05-12,bullish,2026-05-12 16:03:00+00:00,2026-05-12 16:05:00+00:00,2.0,16,Tuesday,ny_afternoon,0.7980917567660505,7360.9,7349.9,7377.77,1.5336363636364363,7360.9,7352.4,0.11547500984933907,False,23.24399999999987,range,1.0510347079552103,0.04898025823479849,False,range,"{""score"": 77.0, ""quality"": 43.0, ""ob_strength"": 4.0, ""sweep_strength"": 7.0, ""retest_count"": 0.0, ""is_unicorn"": 0.0, ""rr"": 1.5336363636364363, ""risk_points"": 11.0, ""tp_source_htf"": 1.0, ""tp_source_capped"": 0.0, ""daily_bias_aligned"": 0.0, ""daily_bias_neutral"": 1.0, ""kz_london"": 0.0, ""kz_ny_am"": 0.0, ""kz_ny_pm"": 0.0, ""kz_asia"": 0.0, ""kz_ny_lunch"": 1.0, ""has_smt"": 0.0, ""has_feu_vert"": 1.0, ""has_breaker_kz"": 0.0, ""has_mss_fvg"": 1.0, ""has_po3_dist"": 1.0, ""has_phase_expansion"": 1.0, ""has_open_midnight_respect"": 0.0, ""has_FVG_sync"": 1.0, ""has_parent_ob"": 0.0, ""has_grandparent_ob"": 0.0, ""has_good_zone"": 1.0, ""has_session_direction"": 1.0, ""ob_group_size"": 4.0, ""bars_sweep_to_validation"": 4.0, ""bars_group_to_validation"": 7.0, ""is_bullish"": 1.0, ""hour_of_day"": 16.0, ""day_of_week"": 1.0, ""minutes_into_killzone"": 3.0, ""atr_at_setup"": 2.758571428571421, ""atr_ratio_100"": 0.87065125254748, ""dist_to_pdh_pct"": 0.8919976033875713, ""dist_to_pdl_pct"": 0.19873950151776343, ""dist_to_d1_open_pct"": -0.5801035947513892, ""phase_reversal"": 0.0, ""phase_manipulation"": 0.0, ""vol_ratio_setup"": 0.8720273846403981, ""has_mss_nearby"": 1.0, ""po3_body_pct"": 0.6481481481481481, ""po3_upper_wick"": 0.0, ""po3_lower_wick"": 0.0, ""po3_aligned"": 1.0, ""po3_htf2_aligned"": 0.0, ""displacement_ratio"": 1.3593992749870571, ""fib_level"": 0.17814113597245357, ""mom_60"": -0.03734434199269409, ""mom_240"": -0.3755633450175263, ""body_ratio_recent"": 0.41476087556234437, ""mom_aligned"": 0.0, ""atr_regime"": 1.5901843706759902, ""dist_pdh_atr"": 24.016053858104677, ""dist_pdl_atr"": 5.292594510616078}",7393.51,0.4430164789631782,NO_FILL,,,,,,,,,,,
SP500,2026-05-12,bullish,2026-05-12 17:03:00+00:00,2026-05-12 17:05:00+00:00,2.0,17,Tuesday,ny_afternoon,0.8370246105130037,7354.65,7347.15,7365.9,1.5,7354.65,7348.4,0.08498025058976294,False,25.24399999999987,range,0.6452985488235686,0.45029968033193934,True,range,"{""score"": 63.0, ""quality"": 45.0, ""ob_strength"": 3.0, ""sweep_strength"": 8.0, ""retest_count"": 0.0, ""is_unicorn"": 0.0, ""rr"": 1.5, ""risk_points"": 7.5, ""tp_source_htf"": 0.0, ""tp_source_capped"": 0.0, ""daily_bias_aligned"": 0.0, ""daily_bias_neutral"": 1.0, ""kz_london"": 0.0, ""kz_ny_am"": 0.0, ""kz_ny_pm"": 0.0, ""kz_asia"": 0.0, ""kz_ny_lunch"": 1.0, ""has_smt"": 0.0, ""has_feu_vert"": 1.0, ""has_breaker_kz"": 0.0, ""has_mss_fvg"": 1.0, ""has_po3_dist"": 0.0, ""has_phase_expansion"": 1.0, ""has_open_midnight_respect"": 0.0, ""has_FVG_sync"": 1.0, ""has_parent_ob"": 0.0, ""has_grandparent_ob"": 0.0, ""has_good_zone"": 1.0, ""has_session_direction"": 1.0, ""ob_group_size"": 3.0, ""bars_sweep_to_validation"": 15.0, ""bars_group_to_validation"": 18.0, ""is_bullish"": 1.0, ""hour_of_day"": 17.0, ""day_of_week"": 1.0, ""minutes_into_killzone"": 3.0, ""atr_at_setup"": 2.401428571428499, ""atr_ratio_100"": 0.8790002091612403, ""dist_to_pdh_pct"": 0.9761483206882856, ""dist_to_pdl_pct"": 0.1136626601146081, ""dist_to_d1_open_pct"": -0.6645191353147447, ""phase_reversal"": 0.0, ""phase_manipulation"": 0.0, ""vol_ratio_setup"": 0.8798053018606002, ""has_mss_nearby"": 1.0, ""po3_body_pct"": 0.8727272727272727, ""po3_upper_wick"": 0.0, ""po3_lower_wick"": 0.0, ""po3_aligned"": 0.0, ""po3_htf2_aligned"": 0.0, ""displacement_ratio"": 1.0410469958358435, ""fib_level"": 0.2714285714285431, ""mom_60"": -0.05773554403863527, ""mom_240"": -0.6045949214026602, ""body_ratio_recent"": 0.44818870700172964, ""mom_aligned"": 0.0, ""atr_regime"": 1.6436809798702818, ""dist_pdh_atr"": 30.190362879239462, ""dist_pdl_atr"": 3.47709696609149}",7397.01,0.5759621463971852,NO_FILL,,,,,,,,,,,
SP500,2026-05-14,bullish,2026-05-14 00:14:00+00:00,2026-05-14 00:15:00+00:00,1.0,0,Thursday,asia,0.7447572352913113,7465.73,7460.72,7473.244999999999,1.5,7465.73,7461.47,0.05706072949328879,True,10.943999999999686,range,0.016726928213376725,1.1980495063548913,True,range,"{""score"": 127.0, ""quality"": 74.0, ""ob_strength"": 6.0, ""sweep_strength"": 7.0, ""retest_count"": 0.0, ""is_unicorn"": 1.0, ""rr"": 1.5, ""risk_points"": 5.009999999999309, ""tp_source_htf"": 0.0, ""tp_source_capped"": 0.0, ""daily_bias_aligned"": 1.0, ""daily_bias_neutral"": 0.0, ""kz_london"": 0.0, ""kz_ny_am"": 0.0, ""kz_ny_pm"": 0.0, ""kz_asia"": 1.0, ""kz_ny_lunch"": 0.0, ""has_smt"": 0.0, ""has_feu_vert"": 0.0, ""has_breaker_kz"": 1.0, ""has_mss_fvg"": 1.0, ""has_po3_dist"": 1.0, ""has_phase_expansion"": 0.0, ""has_open_midnight_respect"": 1.0, ""has_FVG_sync"": 0.0, ""has_parent_ob"": 1.0, ""has_grandparent_ob"": 1.0, ""has_good_zone"": 0.0, ""has_session_direction"": 1.0, ""ob_group_size"": 2.0, ""bars_sweep_to_validation"": 13.0, ""bars_group_to_validation"": 14.0, ""is_bullish"": 1.0, ""hour_of_day"": 0.0, ""day_of_week"": 3.0, ""minutes_into_killzone"": 14.0, ""atr_at_setup"": 1.599285714285023, ""atr_ratio_100"": 1.792519294201104, ""dist_to_pdh_pct"": 0.7889596151546265, ""dist_to_pdl_pct"": 0.12418745063011465, ""dist_to_d1_open_pct"": -0.5713425751435421, ""phase_reversal"": 0.0, ""phase_manipulation"": 0.0, ""vol_ratio_setup"": 1.7775937114278273, ""has_mss_nearby"": 0.0, ""po3_body_pct"": 0.13430127041756515, ""po3_upper_wick"": 0.0, ""po3_lower_wick"": 0.0, ""po3_aligned"": 1.0, ""po3_htf2_aligned"": 1.0, ""displacement_ratio"": 0.3197807217909134, ""fib_level"": 0.5301310043668747, ""mom_60"": -0.020220334693398248, ""mom_240"": 0.020362506195834212, ""body_ratio_recent"": 0.5026073693529334, ""mom_aligned"": 0.0, ""atr_regime"": 0.6050834323498846, ""dist_pdh_atr"": 37.12282268871686, ""dist_pdl_atr"": 5.7900848593142635}",7462.81,-0.03911204932403346,INVALID_PRICE,,,,,,,,,,,
SP500,2026-05-14,bullish,2026-05-14 04:10:00+00:00,2026-05-14 04:15:00+00:00,5.0,4,Thursday,asia,0.8245205410740984,7459.73,7456.47,7467.95,2.5214723926386498,7459.73,7457.72,0.026944674941308987,True,10.509999999999309,range,0.15758857322038558,1.0588987292411285,True,range,"{""score"": 157.0, ""quality"": 45.0, ""ob_strength"": 3.0, ""sweep_strength"": 8.0, ""retest_count"": 0.0, ""is_unicorn"": 0.0, ""rr"": 2.5214723926386498, ""risk_points"": 3.259999999999309, ""tp_source_htf"": 1.0, ""tp_source_capped"": 0.0, ""daily_bias_aligned"": 1.0, ""daily_bias_neutral"": 0.0, ""kz_london"": 0.0, ""kz_ny_am"": 0.0, ""kz_ny_pm"": 0.0, ""kz_asia"": 1.0, ""kz_ny_lunch"": 0.0, ""has_smt"": 0.0, ""has_feu_vert"": 0.0, ""has_breaker_kz"": 0.0, ""has_mss_fvg"": 1.0, ""has_po3_dist"": 0.0, ""has_phase_expansion"": 0.0, ""has_open_midnight_respect"": 1.0, ""has_FVG_sync"": 1.0, ""has_parent_ob"": 1.0, ""has_grandparent_ob"": 1.0, ""has_good_zone"": 1.0, ""has_session_direction"": 1.0, ""ob_group_size"": 3.0, ""bars_sweep_to_validation"": 14.0, ""bars_group_to_validation"": 17.0, ""is_bullish"": 1.0, ""hour_of_day"": 4.0, ""day_of_week"": 3.0, ""minutes_into_killzone"": 10.0, ""atr_at_setup"": 0.9385714285707374, ""atr_ratio_100"": 0.8821160042963668, ""dist_to_pdh_pct"": 0.8686927748468566, ""dist_to_pdl_pct"": 0.043720419984246014, ""dist_to_d1_open_pct"": -0.6512506276111694, ""phase_reversal"": 0.0, ""phase_manipulation"": 0.0, ""vol_ratio_setup"": 0.8862808579521596, ""has_mss_nearby"": 1.0, ""po3_body_pct"": 0.3765586034911644, ""po3_upper_wick"": 0.0, ""po3_lower_wick"": 0.0, ""po3_aligned"": 1.0, ""po3_htf2_aligned"": 0.0, ""displacement_ratio"": 0.8097412480972723, ""fib_level"": -0.3988015978695295, ""mom_60"": -0.0835736298411524, ""mom_240"": -0.04354537025623436, ""body_ratio_recent"": 0.42294304089214557, ""mom_aligned"": 0.0, ""atr_regime"": 0.624038648805771, ""dist_pdh_atr"": 69.64840182653616, ""dist_pdl_atr"": 3.4733637747354593}",7462.56,0.03793702989251403,NO_FILL,,,,,,,,,,,
SP500,2026-05-14,bullish,2026-05-14 05:45:00+00:00,2026-05-14 05:50:00+00:00,5.0,5,Thursday,asia,0.7377445050842059,7462.48,7459.97,7467.95,2.179282868526598,7462.48,7459.97,0.033634931014881235,True,10.40999999999931,range,0.07699023094391362,1.1385181455932096,True,range,"{""score"": 151.0, ""quality"": 60.0, ""ob_strength"": 9.0, ""sweep_strength"": 6.0, ""retest_count"": 0.0, ""is_unicorn"": 0.0, ""rr"": 2.179282868526598, ""risk_points"": 2.509999999999309, ""tp_source_htf"": 1.0, ""tp_source_capped"": 0.0, ""daily_bias_aligned"": 1.0, ""daily_bias_neutral"": 0.0, ""kz_london"": 0.0, ""kz_ny_am"": 0.0, ""kz_ny_pm"": 0.0, ""kz_asia"": 0.0, ""kz_ny_lunch"": 0.0, ""has_smt"": 0.0, ""has_feu_vert"": 0.0, ""has_breaker_kz"": 0.0, ""has_mss_fvg"": 1.0, ""has_po3_dist"": 0.0, ""has_phase_expansion"": 1.0, ""has_open_midnight_respect"": 1.0, ""has_FVG_sync"": 1.0, ""has_parent_ob"": 1.0, ""has_grandparent_ob"": 1.0, ""has_good_zone"": 1.0, ""has_session_direction"": 0.0, ""ob_group_size"": 3.0, ""bars_sweep_to_validation"": 2.0, ""bars_group_to_validation"": 4.0, ""is_bullish"": 1.0, ""hour_of_day"": 5.0, ""day_of_week"": 3.0, ""minutes_into_killzone"": -1.0, ""atr_at_setup"": 1.2957142857135946, ""atr_ratio_100"": 1.2467182581684222, ""dist_to_pdh_pct"": 0.8321484099879176, ""dist_to_pdl_pct"": 0.08060114236360247, ""dist_to_d1_open_pct"": -0.6146261035635069, ""phase_reversal"": 0.0, ""phase_manipulation"": 0.0, ""vol_ratio_setup"": 1.2557804668680437, ""has_mss_nearby"": 1.0, ""po3_body_pct"": 0.6845425867507657, ""po3_upper_wick"": 0.0, ""po3_lower_wick"": 0.0, ""po3_aligned"": 0.0, ""po3_htf2_aligned"": 1.0, ""displacement_ratio"": 6.567805953696465, ""fib_level"": 0.3237367802585585, ""mom_60"": 0.08373268240662467, ""mom_240"": 0.05705698465889444, ""body_ratio_recent"": 0.4469555482119083, ""mom_aligned"": 1.0, ""atr_regime"": 0.5964411303743656, ""dist_pdh_atr"": 48.328555678085934, ""dist_pdl_atr"": 4.638368246969967}",7463.34,0.011524318993157532,WIN,2026-05-14 06:01:51.456000+00:00,711.456,7462.48,2.509999999999309,5.470000000000255,2.187250996016814,0.7011952191234236,1154.0,2026-05-14 06:15:09.815000+00:00,798.359,2.179282868526598
SP500,2026-05-14,bullish,2026-05-14 14:12:00+00:00,2026-05-14 14:15:00+00:00,3.0,14,Thursday,ny_morning,0.7676843672252052,7484.35,7477.35,7494.85,1.5,7484.35,7477.35,0.09352849612858831,True,18.5,range,0.04998933560840354,0.6851871600725251,True,range,"{""score"": 132.0, ""quality"": 38.0, ""ob_strength"": 5.0, ""sweep_strength"": 5.0, ""retest_count"": 0.0, ""is_unicorn"": 0.0, ""rr"": 1.5, ""risk_points"": 7.0, ""tp_source_htf"": 0.0, ""tp_source_capped"": 0.0, ""daily_bias_aligned"": 1.0, ""daily_bias_neutral"": 0.0, ""kz_london"": 0.0, ""kz_ny_am"": 1.0, ""kz_ny_pm"": 0.0, ""kz_asia"": 0.0, ""kz_ny_lunch"": 0.0, ""has_smt"": 0.0, ""has_feu_vert"": 0.0, ""has_breaker_kz"": 1.0, ""has_mss_fvg"": 1.0, ""has_po3_dist"": 0.0, ""has_phase_expansion"": 0.0, ""has_open_midnight_respect"": 1.0, ""has_FVG_sync"": 1.0, ""has_parent_ob"": 1.0, ""has_grandparent_ob"": 1.0, ""has_good_zone"": 0.0, ""has_session_direction"": 1.0, ""ob_group_size"": 3.0, ""bars_sweep_to_validation"": 4.0, ""bars_group_to_validation"": 6.0, ""is_bullish"": 1.0, ""hour_of_day"": 14.0, ""day_of_week"": 3.0, ""minutes_into_killzone"": 12.0, ""atr_at_setup"": 3.7142857142857144, ""atr_ratio_100"": 1.5582672068659613, ""dist_to_pdh_pct"": 0.5415210429097287, ""dist_to_pdl_pct"": 0.3739034690678043, ""dist_to_d1_open_pct"": -0.3233612523189949, ""phase_reversal"": 0.0, ""phase_manipulation"": 0.0, ""vol_ratio_setup"": 1.562330997848786, ""has_mss_nearby"": 1.0, ""po3_body_pct"": 0.8035714285714286, ""po3_upper_wick"": 0.0, ""po3_lower_wick"": 0.0, ""po3_aligned"": 0.0, ""po3_htf2_aligned"": 0.0, ""displacement_ratio"": 0.7403846153846153, ""fib_level"": 0.8181818181818182, ""mom_60"": 0.23769350259788954, ""mom_240"": 0.13042431376745678, ""body_ratio_recent"": 0.4399826430019768, ""mom_aligned"": 1.0, ""atr_regime"": 1.02644017940935, ""dist_pdh_atr"": 10.971153846153845, ""dist_pdl_atr"": 7.506153846153875}",7472.08,-0.1639420924996885,INVALID_PRICE,,,,,,,,,,,
USDCAD,2026-05-12,bearish,2026-05-12 15:32:00+00:00,2026-05-12 15:35:00+00:00,3.0,15,Tuesday,ny_morning,0.7521512807725607,1.3719999999999999,1.37246,1.3706199999999995,3.0,1.37246,1.3719999999999999,0.03352769679301217,True,0.0014040000000000053,range,0.07948256123438863,0.3237638274134624,True,range,"{""score"": 113.0, ""quality"": 39.0, ""ob_strength"": 3.0, ""sweep_strength"": 6.0, ""retest_count"": 0.0, ""is_unicorn"": 0.0, ""rr"": 3.0, ""risk_points"": 0.000460000000000127, ""tp_source_htf"": 1.0, ""tp_source_capped"": 1.0, ""daily_bias_aligned"": 0.0, ""daily_bias_neutral"": 1.0, ""kz_london"": 0.0, ""kz_ny_am"": 1.0, ""kz_ny_pm"": 0.0, ""kz_asia"": 0.0, ""kz_ny_lunch"": 0.0, ""has_smt"": 0.0, ""has_feu_vert"": 1.0, ""has_breaker_kz"": 0.0, ""has_mss_fvg"": 1.0, ""has_po3_dist"": 0.0, ""has_phase_expansion"": 0.0, ""has_open_midnight_respect"": 0.0, ""has_FVG_sync"": 1.0, ""has_parent_ob"": 1.0, ""has_grandparent_ob"": 0.0, ""has_good_zone"": 1.0, ""has_session_direction"": 1.0, ""ob_group_size"": 3.0, ""bars_sweep_to_validation"": 7.0, ""bars_group_to_validation"": 9.0, ""is_bullish"": 0.0, ""hour_of_day"": 15.0, ""day_of_week"": 1.0, ""minutes_into_killzone"": 32.0, ""atr_at_setup"": 0.00015428571428569411, ""atr_ratio_100"": 0.7895891212164533, ""dist_to_pdh_pct"": 0.033516459496096565, ""dist_to_pdl_pct"": 0.3709041428602714, ""dist_to_d1_open_pct"": 0.16865130065925957, ""phase_reversal"": 0.0, ""phase_manipulation"": 0.0, ""vol_ratio_setup"": 0.7895891212164533, ""has_mss_nearby"": 1.0, ""po3_body_pct"": 0.5840707964600343, ""po3_upper_wick"": 0.0, ""po3_lower_wick"": 0.0, ""po3_aligned"": 0.0, ""po3_htf2_aligned"": 0.0, ""displacement_ratio"": 1.0370370370367705, ""fib_level"": 1.2792792792793226, ""mom_60"": 0.05032125380144834, ""mom_240"": 0.08681758822199216, ""body_ratio_recent"": 0.46735821079957046, ""mom_aligned"": 0.0, ""atr_regime"": 1.5006658528464312, ""dist_pdh_atr"": 2.981481481482694, ""dist_pdl_atr"": 32.86111111111481}",1.37077,0.08965014577258326,NO_FILL,,,,,,,,,,,
USDCHF,2026-05-13,bearish,2026-05-13 09:39:00+00:00,2026-05-13 09:40:00+00:00,1.0,9,Wednesday,london,0.7496599176191027,0.78258,0.78287,0.78209,1.6896551724147173,0.78283,0.78258,0.03194561578368632,True,0.0008759999999999879,bullish,0.10997301824784489,0.2672600094627992,True,range,"{""score"": 102.0, ""quality"": 37.0, ""ob_strength"": 4.0, ""sweep_strength"": 5.0, ""retest_count"": 0.0, ""is_unicorn"": 0.0, ""rr"": 1.6896551724147173, ""risk_points"": 0.00028999999999990145, ""tp_source_htf"": 1.0, ""tp_source_capped"": 0.0, ""daily_bias_aligned"": 0.0, ""daily_bias_neutral"": 1.0, ""kz_london"": 1.0, ""kz_ny_am"": 0.0, ""kz_ny_pm"": 0.0, ""kz_asia"": 0.0, ""kz_ny_lunch"": 0.0, ""has_smt"": 0.0, ""has_feu_vert"": 1.0, ""has_breaker_kz"": 0.0, ""has_mss_fvg"": 0.0, ""has_po3_dist"": 0.0, ""has_phase_expansion"": 0.0, ""has_open_midnight_respect"": 0.0, ""has_FVG_sync"": 0.0, ""has_parent_ob"": 1.0, ""has_grandparent_ob"": 1.0, ""has_good_zone"": 1.0, ""has_session_direction"": 1.0, ""ob_group_size"": 2.0, ""bars_sweep_to_validation"": 17.0, ""bars_group_to_validation"": 18.0, ""is_bullish"": 0.0, ""hour_of_day"": 9.0, ""day_of_week"": 2.0, ""minutes_into_killzone"": 39.0, ""atr_at_setup"": 9.214285714284223e-05, ""atr_ratio_100"": 0.8733920108326872, ""dist_to_pdh_pct"": 0.0664027582684159, ""dist_to_pdl_pct"": 0.3410606216022293, ""dist_to_d1_open_pct"": 0.12154088251474562, ""phase_reversal"": 0.0, ""phase_manipulation"": 0.0, ""vol_ratio_setup"": 0.8750508750507947, ""has_mss_nearby"": 1.0, ""po3_body_pct"": 0.9722222222223421, ""po3_upper_wick"": 0.0, ""po3_lower_wick"": 0.0, ""po3_aligned"": 0.0, ""po3_htf2_aligned"": 1.0, ""displacement_ratio"": 0.8682170542633698, ""fib_level"": 1.6456953642383714, ""mom_60"": 0.0652148894543701, ""mom_240"": 0.2857838551345062, ""body_ratio_recent"": 0.44663704351224676, ""mom_aligned"": 0.0, ""atr_regime"": 0.8637511004384686, ""dist_pdh_atr"": 5.6434108527137115, ""dist_pdl_atr"": 28.868217054269397}",0.78042,0.27601012037108674,NO_FILL,,,,,,,,,,,
SP500,2026-05-15,bearish,2026-05-15 00:25:00+00:00,2026-05-15 00:30:00+00:00,5.0,0,Friday,asia,0.8489425984395431,7511.2,7512.2,7508.2,3.0,7512.2,7511.2,0.013313451911811696,True,9.580000000000108,range,0.27182965341719917,0.6426639306034826,True,range,"{""score"": 136.0, ""quality"": 46.0, ""ob_strength"": 7.0, ""sweep_strength"": 5.0, ""retest_count"": 0.0, ""is_unicorn"": 0.0, ""rr"": 3.0, ""risk_points"": 1.0, ""tp_source_htf"": 1.0, ""tp_source_capped"": 1.0, ""daily_bias_aligned"": 1.0, ""daily_bias_neutral"": 0.0, ""kz_london"": 0.0, ""kz_ny_am"": 0.0, ""kz_ny_pm"": 0.0, ""kz_asia"": 1.0, ""kz_ny_lunch"": 0.0, ""has_smt"": 0.0, ""has_feu_vert"": 0.0, ""has_breaker_kz"": 0.0, ""has_mss_fvg"": 1.0, ""has_po3_dist"": 0.0, ""has_phase_expansion"": 0.0, ""has_open_midnight_respect"": 0.0, ""has_FVG_sync"": 1.0, ""has_parent_ob"": 1.0, ""has_grandparent_ob"": 0.0, ""has_good_zone"": 1.0, ""has_session_direction"": 1.0, ""ob_group_size"": 1.0, ""bars_sweep_to_validation"": 4.0, ""bars_group_to_validation"": 4.0, ""is_bullish"": 0.0, ""hour_of_day"": 0.0, ""day_of_week"": 4.0, ""minutes_into_killzone"": 25.0, ""atr_at_setup"": 1.4892857142856752, ""atr_ratio_100"": 1.5583192573879816, ""dist_to_pdh_pct"": 0.03659859328315999, ""dist_to_pdl_pct"": 1.5850689748444662, ""dist_to_d1_open_pct"": 1.465681440555473, ""phase_reversal"": 0.0, ""phase_manipulation"": 0.0, ""vol_ratio_setup"": 1.5629950364346539, ""has_mss_nearby"": 0.0, ""po3_body_pct"": 0.7711670480549142, ""po3_upper_wick"": 0.0, ""po3_lower_wick"": 0.0, ""po3_aligned"": 0.0, ""po3_htf2_aligned"": 1.0, ""displacement_ratio"": 0.9256756756756312, ""fib_level"": 0.8739495798319289, ""mom_60"": 0.001730921582596371, ""mom_240"": -0.050835728734159875, ""body_ratio_recent"": 0.42303945807413434, ""mom_aligned"": 0.0, ""atr_regime"": 0.6843315575996525, ""dist_pdh_atr"": 1.8465227817746288, ""dist_pdl_atr"": 78.69544364508587}",7505.4,0.07721802108851025,LOSS,2026-05-15 00:55:42.515000+00:00,1542.515,7511.2,1.0,3.0,0.0,1.0600000000004002,19.0,2026-05-15 00:56:10.323000+00:00,27.808,-1.0
SP500,2026-05-15,bearish,2026-05-15 00:35:00+00:00,2026-05-15 00:40:00+00:00,5.0,0,Friday,asia,0.7421588763137091,7509.7,7512.45,7501.45,3.0,7510.95,7509.7,0.016645138953619985,True,9.580000000000108,range,0.27182965341719917,0.6426639306034826,True,range,"{""score"": 121.0, ""quality"": 36.0, ""ob_strength"": 6.0, ""sweep_strength"": 3.0, ""retest_count"": 0.0, ""is_unicorn"": 0.0, ""rr"": 3.0, ""risk_points"": 2.75, ""tp_source_htf"": 1.0, ""tp_source_capped"": 1.0, ""daily_bias_aligned"": 1.0, ""daily_bias_neutral"": 0.0, ""kz_london"": 0.0, ""kz_ny_am"": 0.0, ""kz_ny_pm"": 0.0, ""kz_asia"": 1.0, ""kz_ny_lunch"": 0.0, ""has_smt"": 0.0, ""has_feu_vert"": 0.0, ""has_breaker_kz"": 0.0, ""has_mss_fvg"": 1.0, ""has_po3_dist"": 0.0, ""has_phase_expansion"": 0.0, ""has_open_midnight_respect"": 0.0, ""has_FVG_sync"": 1.0, ""has_parent_ob"": 1.0, ""has_grandparent_ob"": 0.0, ""has_good_zone"": 1.0, ""has_session_direction"": 1.0, ""ob_group_size"": 1.0, ""bars_sweep_to_validation"": 1.0, ""bars_group_to_validation"": 1.0, ""is_bullish"": 0.0, ""hour_of_day"": 0.0, ""day_of_week"": 4.0, ""minutes_into_killzone"": 35.0, ""atr_at_setup"": 1.2299999999999531, ""atr_ratio_100"": 1.2037580739870537, ""dist_to_pdh_pct"": 0.0565614623467018, ""dist_to_pdl_pct"": 1.564782255883146, ""dist_to_d1_open_pct"": 1.4454185634971024, ""phase_reversal"": 0.0, ""phase_manipulation"": 0.0, ""vol_ratio_setup"": 1.2142152023691737, ""has_mss_nearby"": 1.0, ""po3_body_pct"": 0.660450660450666, ""po3_upper_wick"": 0.0, ""po3_lower_wick"": 0.0, ""po3_aligned"": 0.0, ""po3_htf2_aligned"": 1.0, ""displacement_ratio"": 0.9105691056910029, ""fib_level"": 0.7969187675069966, ""mom_60"": -0.049912154607890113, ""mom_240"": -0.02596053997922915, ""body_ratio_recent"": 0.4930530049064744, ""mom_aligned"": 1.0, ""atr_regime"": 0.6727123821593743, ""dist_pdh_atr"": 3.45528455284566, ""dist_pdl_atr"": 94.06504065040994}",7507.65,0.0272980278839392,LOSS,2026-05-15 00:48:14.059000+00:00,494.059,7509.7,2.75,8.25,0.6145454545453091,1.0218181818183274,355.0,2026-05-15 00:56:11.595000+00:00,477.536,-1.0
SP500,2026-05-15,bearish,2026-05-15 19:04:00+00:00,2026-05-15 19:05:00+00:00,1.0,19,Friday,ny_afternoon,0.7544831334652217,7436.85,7444.85,7421.1,1.96875,7444.35,7436.85,0.10084914984166682,False,26.994000000000234,range,1.2800808897876619,0.1604314122008714,False,range,"{""score"": 102.0, ""quality"": 29.0, ""ob_strength"": 2.0, ""sweep_strength"": 5.0, ""retest_count"": 0.0, ""is_unicorn"": 0.0, ""rr"": 1.96875, ""risk_points"": 8.0, ""tp_source_htf"": 1.0, ""tp_source_capped"": 0.0, ""daily_bias_aligned"": 1.0, ""daily_bias_neutral"": 0.0, ""kz_london"": 0.0, ""kz_ny_am"": 0.0, ""kz_ny_pm"": 1.0, ""kz_asia"": 0.0, ""kz_ny_lunch"": 0.0, ""has_smt"": 0.0, ""has_feu_vert"": 0.0, ""has_breaker_kz"": 1.0, ""has_mss_fvg"": 1.0, ""has_po3_dist"": 0.0, ""has_phase_expansion"": 0.0, ""has_open_midnight_respect"": 1.0, ""has_FVG_sync"": 0.0, ""has_parent_ob"": 1.0, ""has_grandparent_ob"": 1.0, ""has_good_zone"": 0.0, ""has_session_direction"": 1.0, ""ob_group_size"": 5.0, ""bars_sweep_to_validation"": 8.0, ""bars_group_to_validation"": 13.0, ""is_bullish"": 0.0, ""hour_of_day"": 19.0, ""day_of_week"": 4.0, ""minutes_into_killzone"": 4.0, ""atr_at_setup"": 2.670000000000008, ""atr_ratio_100"": 0.9968637992831498, ""dist_to_pdh_pct"": 1.026091469866042, ""dist_to_pdl_pct"": 0.5795239383283792, ""dist_to_d1_open_pct"": 0.4613181676955779, ""phase_reversal"": 0.0, ""phase_manipulation"": 0.0, ""vol_ratio_setup"": 0.9977951343473181, ""has_mss_nearby"": 0.0, ""po3_body_pct"": 0.7068965517241379, ""po3_upper_wick"": 0.0, ""po3_lower_wick"": 0.0, ""po3_aligned"": 0.0, ""po3_htf2_aligned"": 0.0, ""displacement_ratio"": 0.9363295880149785, ""fib_level"": 0.5397727272727273, ""mom_60"": -0.29837336229901706, ""mom_240"": 0.013451979795126346, ""body_ratio_recent"": 0.5232259990009881, ""mom_aligned"": 1.0, ""atr_regime"": 1.781765786746755, ""dist_pdh_atr"": 28.87640449438173, ""dist_pdl_atr"": 16.04868913857687}",7422.1,0.19833666135527808,LOSS,2026-05-15 19:25:25.571000+00:00,1225.571,7436.85,8.0,15.75,0.4862500000000409,1.013749999999959,537.0,2026-05-15 19:29:28.491000+00:00,242.92,-1.0
USDCAD,2026-05-14,bullish,2026-05-14 03:39:00+00:00,2026-05-14 03:40:00+00:00,1.0,3,Thursday,asia,0.711262918286122,1.37077,1.37063,1.3711900000000001,3.0,1.37077,1.37063,0.010213237815244643,True,0.0003260000000000041,range,0.07367530345471196,0.1393265639589226,True,range,"{""score"": 116.0, ""quality"": 34.0, ""ob_strength"": 4.0, ""sweep_strength"": 5.0, ""retest_count"": 0.0, ""is_unicorn"": 0.0, ""rr"": 3.0, ""risk_points"": 0.000140000000000029, ""tp_source_htf"": 1.0, ""tp_source_capped"": 1.0, ""daily_bias_aligned"": 0.0, ""daily_bias_neutral"": 1.0, ""kz_london"": 0.0, ""kz_ny_am"": 0.0, ""kz_ny_pm"": 0.0, ""kz_asia"": 1.0, ""kz_ny_lunch"": 0.0, ""has_smt"": 0.0, ""has_feu_vert"": 1.0, ""has_breaker_kz"": 0.0, ""has_mss_fvg"": 1.0, ""has_po3_dist"": 1.0, ""has_phase_expansion"": 1.0, ""has_open_midnight_respect"": 1.0, ""has_FVG_sync"": 1.0, ""has_parent_ob"": 1.0, ""has_grandparent_ob"": 1.0, ""has_good_zone"": 0.0, ""has_session_direction"": 1.0, ""ob_group_size"": 3.0, ""bars_sweep_to_validation"": 10.0, ""bars_group_to_validation"": 12.0, ""is_bullish"": 1.0, ""hour_of_day"": 3.0, ""day_of_week"": 3.0, ""minutes_into_killzone"": 39.0, ""atr_at_setup"": 4.9999999999962774e-05, ""atr_ratio_100"": 0.865051903113658, ""dist_to_pdh_pct"": 0.2205561217062227, ""dist_to_pdl_pct"": 0.04598070270190698, ""dist_to_d1_open_pct"": -0.08673722265955454, ""phase_reversal"": 0.0, ""phase_manipulation"": 0.0, ""vol_ratio_setup"": 0.8710801393722629, ""has_mss_nearby"": 1.0, ""po3_body_pct"": 0.8333333333345669, ""po3_upper_wick"": 0.0, ""po3_lower_wick"": 0.0, ""po3_aligned"": 0.0, ""po3_htf2_aligned"": 1.0, ""displacement_ratio"": 1.8000000000042506, ""fib_level"": 0.5957446808512247, ""mom_60"": 0.0029180679472150693, ""mom_240"": 0.021889661512881266, ""body_ratio_recent"": 0.3670833333330672, ""mom_aligned"": 1.0, ""atr_regime"": 0.573254221816566, ""dist_pdh_atr"": 60.60000000004688, ""dist_pdl_atr"": 12.60000000000755}",1.37108,0.022615026590896536,LOSS,2026-05-14 04:01:00.045000+00:00,1260.045,1.37077,0.000140000000000029,0.00042000000000008697,0.0,1.0,10.0,2026-05-14 04:01:27.486000+00:00,27.441,-1.0
USDCAD,2026-05-14,bullish,2026-05-14 07:03:00+00:00,2026-05-14 07:05:00+00:00,2.0,7,Thursday,london,0.730520933124644,1.3705,1.37016,1.37122,2.1176470588236445,1.3705,1.37024,0.01897117840205392,True,0.0006999999999999674,range,0.026248058737332613,0.18519463664666372,True,range,"{""score"": 25.0, ""quality"": 40.0, ""ob_strength"": 4.0, ""sweep_strength"": 6.0, ""retest_count"": 0.0, ""is_unicorn"": 0.0, ""rr"": 2.1176470588236445, ""risk_points"": 0.00034000000000000696, ""tp_source_htf"": 1.0, ""tp_source_capped"": 0.0, ""daily_bias_aligned"": 0.0, ""daily_bias_neutral"": 1.0, ""kz_london"": 1.0, ""kz_ny_am"": 0.0, ""kz_ny_pm"": 0.0, ""kz_asia"": 0.0, ""kz_ny_lunch"": 0.0, ""has_smt"": 0.0, ""has_feu_vert"": 1.0, ""has_breaker_kz"": 0.0, ""has_mss_fvg"": 0.0, ""has_po3_dist"": 0.0, ""has_phase_expansion"": 0.0, ""has_open_midnight_respect"": 0.0, ""has_FVG_sync"": 0.0, ""has_parent_ob"": 0.0, ""has_grandparent_ob"": 0.0, ""has_good_zone"": 1.0, ""has_session_direction"": 1.0, ""ob_group_size"": 2.0, ""bars_sweep_to_validation"": 16.0, ""bars_group_to_validation"": 18.0, ""is_bullish"": 1.0, ""hour_of_day"": 7.0, ""day_of_week"": 3.0, ""minutes_into_killzone"": 3.0, ""atr_at_setup"": 0.00010785714285713574, ""atr_ratio_100"": 1.209160794362503, ""dist_to_pdh_pct"": 0.24020963750182564, ""dist_to_pdl_pct"": 0.026274687258230248, ""dist_to_d1_open_pct"": -0.10641709670836007, ""phase_reversal"": 0.0, ""phase_manipulation"": 0.0, ""vol_ratio_setup"": 1.199871154775328, ""has_mss_nearby"": 0.0, ""po3_body_pct"": 0.8148148148144189, ""po3_upper_wick"": 0.0, ""po3_lower_wick"": 0.0, ""po3_aligned"": 0.0, ""po3_htf2_aligned"": 0.0, ""displacement_ratio"": 0.46979865771702867, ""fib_level"": 0.1166666666663336, ""mom_60"": -0.002188902265511984, ""mom_240"": -0.01677913550977016, ""body_ratio_recent"": 0.49586850649327213, ""mom_aligned"": 0.0, ""atr_regime"": 0.6480223682848126, ""dist_pdh_atr"": 30.59602649006899, ""dist_pdl_atr"": 3.3377483443703015}",1.37066,0.011674571324329659,LOSS,2026-05-14 07:06:11.502000+00:00,71.502,1.3705,0.00034000000000000696,0.0007200000000000539,1.3235294117648595,1.0,18247.0,2026-05-14 12:48:42.530000+00:00,20551.028,-1.0
USDCAD,2026-05-15,bearish,2026-05-15 13:50:00+00:00,2026-05-15 13:55:00+00:00,5.0,13,Friday,ny_morning,0.7878328821027673,1.37611,1.37672,1.37503,1.7704918032786408,1.37667,1.37611,0.04069442123086933,True,0.0013440000000000119,range,0.06396092568903303,0.31544365623909837,True,range,"{""score"": 93.0, ""quality"": 46.0, ""ob_strength"": 4.0, ""sweep_strength"": 8.0, ""retest_count"": 0.0, ""is_unicorn"": 0.0, ""rr"": 1.7704918032786408, ""risk_points"": 0.0006099999999999994, ""tp_source_htf"": 1.0, ""tp_source_capped"": 0.0, ""daily_bias_aligned"": 0.0, ""daily_bias_neutral"": 1.0, ""kz_london"": 0.0, ""kz_ny_am"": 1.0, ""kz_ny_pm"": 0.0, ""kz_asia"": 0.0, ""kz_ny_lunch"": 0.0, ""has_smt"": 0.0, ""has_feu_vert"": 1.0, ""has_breaker_kz"": 0.0, ""has_mss_fvg"": 1.0, ""has_po3_dist"": 0.0, ""has_phase_expansion"": 0.0, ""has_open_midnight_respect"": 0.0, ""has_FVG_sync"": 0.0, ""has_parent_ob"": 1.0, ""has_grandparent_ob"": 1.0, ""has_good_zone"": 1.0, ""has_session_direction"": 1.0, ""ob_group_size"": 2.0, ""bars_sweep_to_validation"": 5.0, ""bars_group_to_validation"": 7.0, ""is_bullish"": 0.0, ""hour_of_day"": 13.0, ""day_of_week"": 4.0, ""minutes_into_killzone"": 50.0, ""atr_at_setup"": 0.00020142857142855876, ""atr_ratio_100"": 1.2357581069237085, ""dist_to_pdh_pct"": 0.044308210819919765, ""dist_to_pdl_pct"": 0.33612832664965386, ""dist_to_d1_open_pct"": 0.11713350309202541, ""phase_reversal"": 0.0, ""phase_manipulation"": 0.0, ""vol_ratio_setup"": 1.2380367020809275, ""has_mss_nearby"": 1.0, ""po3_body_pct"": 0.8723404255320154, ""po3_upper_wick"": 0.0, ""po3_lower_wick"": 0.0, ""po3_aligned"": 0.0, ""po3_htf2_aligned"": 0.0, ""displacement_ratio"": 0.3475177304965477, ""fib_level"": 1.8028169014084066, ""mom_60"": 0.02689500770505491, ""mom_240"": 0.026167925392347188, ""body_ratio_recent"": 0.5481605105330865, ""mom_aligned"": 0.0, ""atr_regime"": 1.315949975543308, ""dist_pdh_atr"": 3.0283687943264286, ""dist_pdl_atr"": 22.88652482269649}",1.37494,0.08502227292875522,NO_FILL,,,,,,,,,,,
USDCAD,2026-05-15,bearish,2026-05-15 15:10:00+00:00,2026-05-15 15:15:00+00:00,5.0,15,Friday,ny_morning,0.7703062596523581,1.37588,1.37648,1.37498,1.5,1.37648,1.37588,0.04360845422565442,True,0.0012779999999999792,range,0.1156254317773578,0.26397504235963304,True,range,"{""score"": 122.0, ""quality"": 41.0, ""ob_strength"": 5.0, ""sweep_strength"": 5.0, ""retest_count"": 0.0, ""is_unicorn"": 0.0, ""rr"": 1.5, ""risk_points"": 0.0005999999999999339, ""tp_source_htf"": 0.0, ""tp_source_capped"": 0.0, ""daily_bias_aligned"": 0.0, ""daily_bias_neutral"": 1.0, ""kz_london"": 0.0, ""kz_ny_am"": 1.0, ""kz_ny_pm"": 0.0, ""kz_asia"": 0.0, ""kz_ny_lunch"": 0.0, ""has_smt"": 0.0, ""has_feu_vert"": 1.0, ""has_breaker_kz"": 0.0, ""has_mss_fvg"": 1.0, ""has_po3_dist"": 1.0, ""has_phase_expansion"": 0.0, ""has_open_midnight_respect"": 0.0, ""has_FVG_sync"": 1.0, ""has_parent_ob"": 1.0, ""has_grandparent_ob"": 1.0, ""has_good_zone"": 0.0, ""has_session_direction"": 1.0, ""ob_group_size"": 3.0, ""bars_sweep_to_validation"": 7.0, ""bars_group_to_validation"": 9.0, ""is_bullish"": 0.0, ""hour_of_day"": 15.0, ""day_of_week"": 4.0, ""minutes_into_killzone"": 10.0, ""atr_at_setup"": 0.00021142857142856082, ""atr_ratio_100"": 0.9566903684550837, ""dist_to_pdh_pct"": 0.061014585391361495, ""dist_to_pdl_pct"": 0.31935836675173535, ""dist_to_d1_open_pct"": 0.10040014550745265, ""phase_reversal"": 0.0, ""phase_manipulation"": 0.0, ""vol_ratio_setup"": 0.9575569358178109, ""has_mss_nearby"": 1.0, ""po3_body_pct"": 0.21590909090924573, ""po3_upper_wick"": 0.0, ""po3_lower_wick"": 0.0, ""po3_aligned"": 1.0, ""po3_htf2_aligned"": 1.0, ""displacement_ratio"": 1.0878378378376676, ""fib_level"": 0.6493506493506306, ""mom_60"": -0.038511004701259344, ""mom_240"": 0.09604330680015628, ""body_ratio_recent"": 0.5773403852131246, ""mom_aligned"": 1.0, ""atr_regime"": 1.5212683463844892, ""dist_pdh_atr"": 3.972972972972945, ""dist_pdl_atr"": 20.716216216217493}",1.37543,0.03270634066924888,NO_FILL,,,,,,,,,,,
USDCAD,2026-05-15,bearish,2026-05-15 15:38:00+00:00,2026-05-15 15:40:00+00:00,2.0,15,Friday,ny_morning,0.78926324977506,1.37572,1.37635,1.374775,1.5,1.3759700000000001,1.37572,0.01817230250342246,True,0.0012779999999999792,range,0.1156254317773578,0.26397504235963304,True,range,"{""score"": 79.0, ""quality"": 32.0, ""ob_strength"": 1.0, ""sweep_strength"": 3.0, ""retest_count"": 0.0, ""is_unicorn"": 0.0, ""rr"": 1.5, ""risk_points"": 0.0006299999999999084, ""tp_source_htf"": 0.0, ""tp_source_capped"": 0.0, ""daily_bias_aligned"": 0.0, ""daily_bias_neutral"": 1.0, ""kz_london"": 0.0, ""kz_ny_am"": 1.0, ""kz_ny_pm"": 0.0, ""kz_asia"": 0.0, ""kz_ny_lunch"": 0.0, ""has_smt"": 0.0, ""has_feu_vert"": 1.0, ""has_breaker_kz"": 0.0, ""has_mss_fvg"": 1.0, ""has_po3_dist"": 1.0, ""has_phase_expansion"": 0.0, ""has_open_midnight_respect"": 0.0, ""has_FVG_sync"": 0.0, ""has_parent_ob"": 1.0, ""has_grandparent_ob"": 1.0, ""has_good_zone"": 0.0, ""has_session_direction"": 1.0, ""ob_group_size"": 3.0, ""bars_sweep_to_validation"": 20.0, ""bars_group_to_validation"": 22.0, ""is_bullish"": 0.0, ""hour_of_day"": 15.0, ""day_of_week"": 4.0, ""minutes_into_killzone"": 38.0, ""atr_at_setup"": 0.00015928571428569516, ""atr_ratio_100"": 0.7676419965576228, ""dist_to_pdh_pct"": 0.07263641118018842, ""dist_to_pdl_pct"": 0.3076923076923159, ""dist_to_d1_open_pct"": 0.08875954892688241, ""phase_reversal"": 0.0, ""phase_manipulation"": 0.0, ""vol_ratio_setup"": 0.762226667586385, ""has_mss_nearby"": 0.0, ""po3_body_pct"": 0.7166666666663645, ""po3_upper_wick"": 0.0, ""po3_lower_wick"": 0.0, ""po3_aligned"": 0.0, ""po3_htf2_aligned"": 1.0, ""displacement_ratio"": 0.25339366515864475, ""fib_level"": 0.5076335877862252, ""mom_60"": 0.011631710951978333, ""mom_240"": 0.04581551618814239, ""body_ratio_recent"": 0.5678261480948327, ""mom_aligned"": 0.0, ""atr_regime"": 1.5568032579490056, ""dist_pdh_atr"": 6.278026905829659, ""dist_pdl_atr"": 26.493273542604786}",1.37549,0.016718518303139626,WIN,2026-05-15 15:43:25.011000+00:00,205.011,1.37572,0.0006299999999999084,0.0009449999999999736,1.5079365079367373,0.15873015873016433,1923.0,2026-05-15 16:06:24.340000+00:00,1379.329,1.5
USDCAD,2026-05-15,bullish,2026-05-15 17:27:00+00:00,2026-05-15 17:30:00+00:00,3.0,17,Friday,ny_afternoon,0.7570403243501145,1.37366,1.37311,1.3745,1.5272727272724997,1.37366,1.3733,0.02620735844387534,False,0.0015080000000000204,range,0.18629562787447573,0.19357280083833808,True,range,"{""score"": 84.0, ""quality"": 54.0, ""ob_strength"": 5.0, ""sweep_strength"": 6.0, ""retest_count"": 0.0, ""is_unicorn"": 0.0, ""rr"": 1.5272727272724997, ""risk_points"": 0.0005500000000000504, ""tp_source_htf"": 1.0, ""tp_source_capped"": 0.0, ""daily_bias_aligned"": 0.0, ""daily_bias_neutral"": 1.0, ""kz_london"": 0.0, ""kz_ny_am"": 0.0, ""kz_ny_pm"": 0.0, ""kz_asia"": 0.0, ""kz_ny_lunch"": 1.0, ""has_smt"": 0.0, ""has_feu_vert"": 1.0, ""has_breaker_kz"": 0.0, ""has_mss_fvg"": 1.0, ""has_po3_dist"": 1.0, ""has_phase_expansion"": 0.0, ""has_open_midnight_respect"": 0.0, ""has_FVG_sync"": 1.0, ""has_parent_ob"": 1.0, ""has_grandparent_ob"": 0.0, ""has_good_zone"": 1.0, ""has_session_direction"": 1.0, ""ob_group_size"": 3.0, ""bars_sweep_to_validation"": 21.0, ""bars_group_to_validation"": 23.0, ""is_bullish"": 1.0, ""hour_of_day"": 17.0, ""day_of_week"": 4.0, ""minutes_into_killzone"": 27.0, ""atr_at_setup"": 0.00014071428571425595, ""atr_ratio_100"": 0.9443911792902435, ""dist_to_pdh_pct"": 0.22226741821138943, ""dist_to_pdl_pct"": 0.15749179730223564, ""dist_to_d1_open_pct"": -0.06111313204801396, ""phase_reversal"": 0.0, ""phase_manipulation"": 0.0, ""vol_ratio_setup"": 0.9475709475706744, ""has_mss_nearby"": 0.0, ""po3_body_pct"": 0.9692307692309111, ""po3_upper_wick"": 0.0, ""po3_lower_wick"": 0.0, ""po3_aligned"": 0.0, ""po3_htf2_aligned"": 1.0, ""displacement_ratio"": 0.07106598984819634, ""fib_level"": -1.2977099236642256, ""mom_60"": -0.061839319621981144, ""mom_240"": -0.156269306527703, ""body_ratio_recent"": 0.5101443785683919, ""mom_aligned"": 0.0, ""atr_regime"": 1.566030245064415, ""dist_pdh_atr"": 21.746192893404483, ""dist_pdl_atr"": 15.350253807110995}",1.37479,0.0822619862265665,NO_FILL,,,,,,,,,,,
DJ30,2026-05-13,bullish,2026-05-13 13:45:00+00:00,2026-05-13 13:50:00+00:00,5.0,13,Wednesday,ny_morning,0.802851654521181,49561.46,49480.46,49682.96,1.5,49561.46,49480.46,0.16343344203338644,False,115.34600000000064,range,0.5781744733499214,0.19766648661535677,False,range,"{""score"": 86.0, ""quality"": 50.0, ""ob_strength"": 5.0, ""sweep_strength"": 8.0, ""retest_count"": 0.0, ""is_unicorn"": 0.0, ""rr"": 1.5, ""risk_points"": 81.0, ""tp_source_htf"": 0.0, ""tp_source_capped"": 0.0, ""daily_bias_aligned"": 0.0, ""daily_bias_neutral"": 1.0, ""kz_london"": 0.0, ""kz_ny_am"": 1.0, ""kz_ny_pm"": 0.0, ""kz_asia"": 0.0, ""kz_ny_lunch"": 0.0, ""has_smt"": 0.0, ""has_feu_vert"": 1.0, ""has_breaker_kz"": 0.0, ""has_mss_fvg"": 1.0, ""has_po3_dist"": 0.0, ""has_phase_expansion"": 0.0, ""has_open_midnight_respect"": 0.0, ""has_FVG_sync"": 1.0, ""has_parent_ob"": 0.0, ""has_grandparent_ob"": 0.0, ""has_good_zone"": 1.0, ""has_session_direction"": 1.0, ""ob_group_size"": 3.0, ""bars_sweep_to_validation"": 4.0, ""bars_group_to_validation"": 6.0, ""is_bullish"": 1.0, ""hour_of_day"": 13.0, ""day_of_week"": 2.0, ""minutes_into_killzone"": 45.0, ""atr_at_setup"": 41.02142857142878, ""atr_ratio_100"": 2.259785188589501, ""dist_to_pdh_pct"": 0.5915590759780247, ""dist_to_pdl_pct"": 0.16370098418648493, ""dist_to_d1_open_pct"": -0.55789071762544, ""phase_reversal"": 0.0, ""phase_manipulation"": 0.0, ""vol_ratio_setup"": 2.2825442399441127, ""has_mss_nearby"": 1.0, ""po3_body_pct"": 0.21268515001898738, ""po3_upper_wick"": 0.0, ""po3_lower_wick"": 0.0, ""po3_aligned"": 1.0, ""po3_htf2_aligned"": 1.0, ""displacement_ratio"": 0.8044576005571961, ""fib_level"": -0.11024759284730863, ""mom_60"": 0.052605675964774806, ""mom_240"": -0.23326242032346936, ""body_ratio_recent"": 0.509990159459151, ""mom_aligned"": 1.0, ""atr_regime"": 0.9592608319958376, ""dist_pdh_atr"": 7.189656973707092, ""dist_pdl_atr"": 1.9745777468222083}",49789.63,0.46037788233033944,NO_FILL,,,,,,,,,,,
USDCHF,2026-05-12,bearish,2026-05-12 15:33:00+00:00,2026-05-12 15:35:00+00:00,2.0,15,Tuesday,ny_morning,0.8583133990030277,0.78202,0.78233,0.78131,2.2903225806460625,0.78233,0.78202,0.039640929899481016,True,0.001218000000000008,range,0.07803305531392309,0.6984598065803639,True,range,"{""score"": 130.0, ""quality"": 32.0, ""ob_strength"": 5.0, ""sweep_strength"": 3.0, ""retest_count"": 0.0, ""is_unicorn"": 0.0, ""rr"": 2.2903225806460625, ""risk_points"": 0.00030999999999992145, ""tp_source_htf"": 1.0, ""tp_source_capped"": 0.0, ""daily_bias_aligned"": 0.0, ""daily_bias_neutral"": 1.0, ""kz_london"": 0.0, ""kz_ny_am"": 1.0, ""kz_ny_pm"": 0.0, ""kz_asia"": 0.0, ""kz_ny_lunch"": 0.0, ""has_smt"": 0.0, ""has_feu_vert"": 1.0, ""has_breaker_kz"": 0.0, ""has_mss_fvg"": 1.0, ""has_po3_dist"": 0.0, ""has_phase_expansion"": 0.0, ""has_open_midnight_respect"": 0.0, ""has_FVG_sync"": 1.0, ""has_parent_ob"": 1.0, ""has_grandparent_ob"": 1.0, ""has_good_zone"": 1.0, ""has_session_direction"": 1.0, ""ob_group_size"": 2.0, ""bars_sweep_to_validation"": 4.0, ""bars_group_to_validation"": 5.0, ""is_bullish"": 0.0, ""hour_of_day"": 15.0, ""day_of_week"": 1.0, ""minutes_into_killzone"": 33.0, ""atr_at_setup"": 0.00017428571428572997, ""atr_ratio_100"": 1.0845408480754053, ""dist_to_pdh_pct"": 0.03962522209296863, ""dist_to_pdl_pct"": 0.7420194264808311, ""dist_to_d1_open_pct"": 0.19603069866366402, ""phase_reversal"": 0.0, ""phase_manipulation"": 0.0, ""vol_ratio_setup"": 1.086569291058088, ""has_mss_nearby"": 1.0, ""po3_body_pct"": 0.9523809523809943, ""po3_upper_wick"": 0.0, ""po3_lower_wick"": 0.0, ""po3_aligned"": 0.0, ""po3_htf2_aligned"": 0.0, ""displacement_ratio"": 1.0327868852462045, ""fib_level"": 1.0235849056604258, ""mom_60"": 0.003837004067221049, ""mom_240"": 0.13447057015521685, ""body_ratio_recent"": 0.4964519943252935, ""mom_aligned"": 0.0, ""atr_regime"": 1.2569013027289884, ""dist_pdh_atr"": 1.7786885245895532, ""dist_pdl_atr"": 33.049180327866445}",0.78087,0.14705506253038225,NO_FILL,,,,,,,,,,,
USDCHF,2026-05-12,bearish,2026-05-12 15:38:00+00:00,2026-05-12 15:40:00+00:00,2.0,15,Tuesday,ny_morning,0.7940083361367765,0.78171,0.78233,0.78078,1.5,0.78194,0.78171,0.02942267592840727,True,0.001218000000000008,range,0.07803305531392309,0.6984598065803639,True,range,"{""score"": 105.0, ""quality"": 29.0, ""ob_strength"": 2.0, ""sweep_strength"": 5.0, ""retest_count"": 0.0, ""is_unicorn"": 0.0, ""rr"": 1.5, ""risk_points"": 0.0006199999999999539, ""tp_source_htf"": 0.0, ""tp_source_capped"": 0.0, ""daily_bias_aligned"": 0.0, ""daily_bias_neutral"": 1.0, ""kz_london"": 0.0, ""kz_ny_am"": 1.0, ""kz_ny_pm"": 0.0, ""kz_asia"": 0.0, ""kz_ny_lunch"": 0.0, ""has_smt"": 0.0, ""has_feu_vert"": 1.0, ""has_breaker_kz"": 0.0, ""has_mss_fvg"": 1.0, ""has_po3_dist"": 0.0, ""has_phase_expansion"": 0.0, ""has_open_midnight_respect"": 0.0, ""has_FVG_sync"": 0.0, ""has_parent_ob"": 1.0, ""has_grandparent_ob"": 1.0, ""has_good_zone"": 1.0, ""has_session_direction"": 1.0, ""ob_group_size"": 1.0, ""bars_sweep_to_validation"": 24.0, ""bars_group_to_validation"": 24.0, ""is_bullish"": 0.0, ""hour_of_day"": 15.0, ""day_of_week"": 1.0, ""minutes_into_killzone"": 38.0, ""atr_at_setup"": 0.0001871428571428619, ""atr_ratio_100"": 1.147411754401279, ""dist_to_pdh_pct"": 0.07925044418595144, ""dist_to_pdl_pct"": 0.7020843531806439, ""dist_to_d1_open_pct"": 0.15631206037233006, ""phase_reversal"": 0.0, ""phase_manipulation"": 0.0, ""vol_ratio_setup"": 1.1495261495260953, ""has_mss_nearby"": 1.0, ""po3_body_pct"": 0.9523809523809943, ""po3_upper_wick"": 0.0, ""po3_lower_wick"": 0.0, ""po3_aligned"": 0.0, ""po3_htf2_aligned"": 0.0, ""displacement_ratio"": 0.587786259542261, ""fib_level"": 0.6933962264150934, ""mom_60"": -0.010233188789537714, ""mom_240"": 0.12424428732452433, ""body_ratio_recent"": 0.4990123051949985, ""mom_aligned"": 1.0, ""atr_regime"": 1.2739555555556252, ""dist_pdh_atr"": 3.312977099236311, ""dist_pdl_atr"": 29.122137404579764}",0.78083,0.11257371659566744,NO_FILL,,,,,,,,,,,
EURUSD,2026-05-13,bullish,2026-05-13 09:31:00+00:00,2026-05-13 09:35:00+00:00,4.0,9,Wednesday,london,0.907635922232544,1.1697899999999999,1.16956,1.17024,1.9565217391311063,1.1697899999999999,1.16963,0.013677668641374775,False,0.0011920000000000819,bearish,0.3476790077053201,0.09055030667510044,False,range,"{""score"": 105.0, ""quality"": 37.0, ""ob_strength"": 4.0, ""sweep_strength"": 5.0, ""retest_count"": 0.0, ""is_unicorn"": 0.0, ""rr"": 1.9565217391311063, ""risk_points"": 0.00022999999999995246, ""tp_source_htf"": 1.0, ""tp_source_capped"": 0.0, ""daily_bias_aligned"": 0.0, ""daily_bias_neutral"": 1.0, ""kz_london"": 1.0, ""kz_ny_am"": 0.0, ""kz_ny_pm"": 0.0, ""kz_asia"": 0.0, ""kz_ny_lunch"": 0.0, ""has_smt"": 0.0, ""has_feu_vert"": 1.0, ""has_breaker_kz"": 0.0, ""has_mss_fvg"": 1.0, ""has_po3_dist"": 0.0, ""has_phase_expansion"": 1.0, ""has_open_midnight_respect"": 0.0, ""has_FVG_sync"": 1.0, ""has_parent_ob"": 0.0, ""has_grandparent_ob"": 0.0, ""has_good_zone"": 1.0, ""has_session_direction"": 1.0, ""ob_group_size"": 2.0, ""bars_sweep_to_validation"": 5.0, ""bars_group_to_validation"": 7.0, ""is_bullish"": 1.0, ""hour_of_day"": 9.0, ""day_of_week"": 2.0, ""minutes_into_killzone"": 31.0, ""atr_at_setup"": 0.00012642857142857494, ""atr_ratio_100"": 0.9793072922428446, ""dist_to_pdh_pct"": 0.3738779403498711, ""dist_to_pdl_pct"": 0.019665515236495134, ""dist_to_d1_open_pct"": -0.13147447773045146, ""phase_reversal"": 0.0, ""phase_manipulation"": 0.0, ""vol_ratio_setup"": 0.9760425909492457, ""has_mss_nearby"": 1.0, ""po3_body_pct"": 0.6724137931036133, ""po3_upper_wick"": 0.0, ""po3_lower_wick"": 0.0, ""po3_aligned"": 0.0, ""po3_htf2_aligned"": 1.0, ""displacement_ratio"": 1.1136363636366045, ""fib_level"": -0.2578616352202123, ""mom_60"": -0.10247214038682105, ""mom_240"": -0.32292696227122114, ""body_ratio_recent"": 0.4091360028860624, ""mom_aligned"": 0.0, ""atr_regime"": 0.8717830445930809, ""dist_pdh_atr"": 34.72316384180786, ""dist_pdl_atr"": 1.8192090395475962}",1.17376,0.3393771531642457,NO_FILL,,,,,,,,,,,
EURUSD,2026-05-13,bullish,2026-05-13 09:48:00+00:00,2026-05-13 09:50:00+00:00,2.0,9,Wednesday,london,0.8420776071794316,1.17012,1.16956,1.1709600000000002,1.5,1.17012,1.1696,0.04443988650737326,False,0.0011920000000000819,bearish,0.3476790077053201,0.09055030667510044,False,range,"{""score"": 96.0, ""quality"": 49.0, ""ob_strength"": 4.0, ""sweep_strength"": 8.0, ""retest_count"": 0.0, ""is_unicorn"": 0.0, ""rr"": 1.5, ""risk_points"": 0.000560000000000116, ""tp_source_htf"": 0.0, ""tp_source_capped"": 0.0, ""daily_bias_aligned"": 0.0, ""daily_bias_neutral"": 1.0, ""kz_london"": 1.0, ""kz_ny_am"": 0.0, ""kz_ny_pm"": 0.0, ""kz_asia"": 0.0, ""kz_ny_lunch"": 0.0, ""has_smt"": 0.0, ""has_feu_vert"": 1.0, ""has_breaker_kz"": 0.0, ""has_mss_fvg"": 1.0, ""has_po3_dist"": 0.0, ""has_phase_expansion"": 0.0, ""has_open_midnight_respect"": 0.0, ""has_FVG_sync"": 1.0, ""has_parent_ob"": 0.0, ""has_grandparent_ob"": 0.0, ""has_good_zone"": 1.0, ""has_session_direction"": 1.0, ""ob_group_size"": 4.0, ""bars_sweep_to_validation"": 29.0, ""bars_group_to_validation"": 32.0, ""is_bullish"": 1.0, ""hour_of_day"": 9.0, ""day_of_week"": 2.0, ""minutes_into_killzone"": 48.0, ""atr_at_setup"": 0.00012071428571428353, ""atr_ratio_100"": 0.9595730183963752, ""dist_to_pdh_pct"": 0.34577322046023207, ""dist_to_pdl_pct"": 0.04788125448887753, ""dist_to_d1_open_pct"": -0.10330137535962823, ""phase_reversal"": 0.0, ""phase_manipulation"": 0.0, ""vol_ratio_setup"": 0.9611010009097551, ""has_mss_nearby"": 0.0, ""po3_body_pct"": 0.8904109589042888, ""po3_upper_wick"": 0.0, ""po3_lower_wick"": 0.0, ""po3_aligned"": 0.0, ""po3_htf2_aligned"": 1.0, ""displacement_ratio"": 1.2426035502948238, ""fib_level"": -0.21069182389942728, ""mom_60"": -0.0059818834387296614, ""mom_240"": -0.283776183252949, ""body_ratio_recent"": 0.5434285647306144, ""mom_aligned"": 0.0, ""atr_regime"": 0.9021010342300216, ""dist_pdh_atr"": 33.633136094674775, ""dist_pdl_atr"": 4.639053254438915}",1.17382,0.316206884763959,NO_FILL,,,,,,,,,,,
EURUSD,2026-05-13,bullish,2026-05-13 10:21:00+00:00,2026-05-13 10:25:00+00:00,4.0,10,Wednesday,london,0.7439761330253266,1.17065,1.1702,1.171325,1.5,1.17065,1.17028,0.03160637252808111,False,0.0013540000000000774,range,0.29199074508866263,0.14599537254434078,False,range,"{""score"": 88.0, ""quality"": 48.0, ""ob_strength"": 6.0, ""sweep_strength"": 6.0, ""retest_count"": 0.0, ""is_unicorn"": 0.0, ""rr"": 1.5, ""risk_points"": 0.00045000000000006146, ""tp_source_htf"": 0.0, ""tp_source_capped"": 0.0, ""daily_bias_aligned"": 0.0, ""daily_bias_neutral"": 1.0, ""kz_london"": 0.0, ""kz_ny_am"": 0.0, ""kz_ny_pm"": 0.0, ""kz_asia"": 0.0, ""kz_ny_lunch"": 0.0, ""has_smt"": 0.0, ""has_feu_vert"": 1.0, ""has_breaker_kz"": 0.0, ""has_mss_fvg"": 1.0, ""has_po3_dist"": 1.0, ""has_phase_expansion"": 0.0, ""has_open_midnight_respect"": 0.0, ""has_FVG_sync"": 1.0, ""has_parent_ob"": 1.0, ""has_grandparent_ob"": 1.0, ""has_good_zone"": 1.0, ""has_session_direction"": 0.0, ""ob_group_size"": 2.0, ""bars_sweep_to_validation"": 10.0, ""bars_group_to_validation"": 11.0, ""is_bullish"": 1.0, ""hour_of_day"": 10.0, ""day_of_week"": 2.0, ""minutes_into_killzone"": -1.0, ""atr_at_setup"": 0.00016857142857143855, ""atr_ratio_100"": 1.230448383733124, ""dist_to_pdh_pct"": 0.30063533700114403, ""dist_to_pdl_pct"": 0.09319744177297748, ""dist_to_d1_open_pct"": -0.0580536654913657, ""phase_reversal"": 0.0, ""phase_manipulation"": 0.0, ""vol_ratio_setup"": 1.2331487093741067, ""has_mss_nearby"": 1.0, ""po3_body_pct"": 0.02380952380967486, ""po3_upper_wick"": 0.0, ""po3_lower_wick"": 0.0, ""po3_aligned"": 1.0, ""po3_htf2_aligned"": 1.0, ""displacement_ratio"": 0.47457627118557, ""fib_level"": 0.21807228915665886, ""mom_60"": 0.08207092295590823, ""mom_240"": -0.167995565599286, ""body_ratio_recent"": 0.5372340852275618, ""mom_aligned"": 1.0, ""atr_regime"": 0.9337748344370653, ""dist_pdh_atr"": 20.94067796610065, ""dist_pdl_atr"": 6.466101694915081}",1.17347,0.24089181224106648,NO_FILL,,,,,,,,,,,
EURUSD,2026-05-12,bullish,2026-05-12 15:33:00+00:00,2026-05-12 15:35:00+00:00,2.0,15,Tuesday,ny_morning,0.8493546240324182,1.17277,1.17219,1.1736400000000002,1.5,1.17277,1.17219,0.049455562471757024,False,0.0014720000000000067,range,0.47047994067861354,0.09205042317624842,False,bearish,"{""score"": 133.0, ""quality"": 40.0, ""ob_strength"": 4.0, ""sweep_strength"": 6.0, ""retest_count"": 0.0, ""is_unicorn"": 0.0, ""rr"": 1.5, ""risk_points"": 0.0005800000000000249, ""tp_source_htf"": 0.0, ""tp_source_capped"": 0.0, ""daily_bias_aligned"": 0.0, ""daily_bias_neutral"": 1.0, ""kz_london"": 0.0, ""kz_ny_am"": 1.0, ""kz_ny_pm"": 0.0, ""kz_asia"": 0.0, ""kz_ny_lunch"": 0.0, ""has_smt"": 0.0, ""has_feu_vert"": 1.0, ""has_breaker_kz"": 0.0, ""has_mss_fvg"": 0.0, ""has_po3_dist"": 0.0, ""has_phase_expansion"": 1.0, ""has_open_midnight_respect"": 0.0, ""has_FVG_sync"": 1.0, ""has_parent_ob"": 1.0, ""has_grandparent_ob"": 1.0, ""has_good_zone"": 1.0, ""has_session_direction"": 1.0, ""ob_group_size"": 2.0, ""bars_sweep_to_validation"": 8.0, ""bars_group_to_validation"": 9.0, ""is_bullish"": 1.0, ""hour_of_day"": 15.0, ""day_of_week"": 1.0, ""minutes_into_killzone"": 33.0, ""atr_at_setup"": 0.00020500000000004244, ""atr_ratio_100"": 1.0343087790112935, ""dist_to_pdh_pct"": 0.5106931684184557, ""dist_to_pdl_pct"": 0.04948003310043806, ""dist_to_d1_open_pct"": -0.10221726279205329, ""phase_reversal"": 0.0, ""phase_manipulation"": 0.0, ""vol_ratio_setup"": 1.0374493927127537, ""has_mss_nearby"": 1.0, ""po3_body_pct"": 0.901234567901133, ""po3_upper_wick"": 0.0, ""po3_lower_wick"": 0.0, ""po3_aligned"": 0.0, ""po3_htf2_aligned"": 0.0, ""displacement_ratio"": 0.9756097560972515, ""fib_level"": -0.22680412371124345, ""mom_60"": -0.005115220338130644, ""mom_240"": -0.1234715078851607, ""body_ratio_recent"": 0.4364364485151057, ""mom_aligned"": 0.0, ""atr_regime"": 1.3401608632662236, ""dist_pdh_atr"": 29.36585365853009, ""dist_pdl_atr"": 2.8292682926824626}",1.17443,0.14154523052260842,NO_FILL,,,,,,,,,,,
EURUSD,2026-05-12,bullish,2026-05-12 15:34:00+00:00,2026-05-12 15:35:00+00:00,1.0,15,Tuesday,ny_morning,0.7923441862904466,1.17301,1.17219,1.1742400000000002,1.5,1.17301,1.17278,0.019607675978906787,False,0.0014720000000000067,range,0.47047994067861354,0.09205042317624842,False,bearish,"{""score"": 118.0, ""quality"": 40.0, ""ob_strength"": 4.0, ""sweep_strength"": 5.0, ""retest_count"": 0.0, ""is_unicorn"": 0.0, ""rr"": 1.5, ""risk_points"": 0.0008200000000000429, ""tp_source_htf"": 0.0, ""tp_source_capped"": 0.0, ""daily_bias_aligned"": 0.0, ""daily_bias_neutral"": 1.0, ""kz_london"": 0.0, ""kz_ny_am"": 1.0, ""kz_ny_pm"": 0.0, ""kz_asia"": 0.0, ""kz_ny_lunch"": 0.0, ""has_smt"": 0.0, ""has_feu_vert"": 1.0, ""has_breaker_kz"": 0.0, ""has_mss_fvg"": 0.0, ""has_po3_dist"": 0.0, ""has_phase_expansion"": 0.0, ""has_open_midnight_respect"": 0.0, ""has_FVG_sync"": 1.0, ""has_parent_ob"": 1.0, ""has_grandparent_ob"": 1.0, ""has_good_zone"": 1.0, ""has_session_direction"": 1.0, ""ob_group_size"": 1.0, ""bars_sweep_to_validation"": 19.0, ""bars_group_to_validation"": 20.0, ""is_bullish"": 1.0, ""hour_of_day"": 15.0, ""day_of_week"": 1.0, ""minutes_into_killzone"": 34.0, ""atr_at_setup"": 0.00021000000000002763, ""atr_ratio_100"": 1.0568696527429526, ""dist_to_pdh_pct"": 0.4903333078834989, ""dist_to_pdl_pct"": 0.0699545295557924, ""dist_to_d1_open_pct"": -0.08177381023363885, ""phase_reversal"": 0.0, ""phase_manipulation"": 0.0, ""vol_ratio_setup"": 1.0600706713782257, ""has_mss_nearby"": 1.0, ""po3_body_pct"": 0.901234567901133, ""po3_upper_wick"": 0.0, ""po3_lower_wick"": 0.0, ""po3_aligned"": 0.0, ""po3_htf2_aligned"": 0.0, ""displacement_ratio"": 0.5238095238097145, ""fib_level"": 0.2010309278350126, ""mom_60"": -0.02982861331038568, ""mom_240"": -0.11410470383869672, ""body_ratio_recent"": 0.4818909939696695, ""mom_aligned"": 0.0, ""atr_regime"": 1.3431605521316015, ""dist_pdh_atr"": 27.523809523805408, ""dist_pdl_atr"": 3.9047619047615956}",1.17443,0.12105608647837417,NO_FILL,,,,,,,,,,,
AUDUSD,2026-05-12,bullish,2026-05-12 17:02:00+00:00,2026-05-12 17:05:00+00:00,3.0,17,Tuesday,ny_afternoon,0.7337455158611002,0.72173,0.72143,0.7221799999999999,1.5,0.72173,0.7215,0.0318678730273028,False,0.0014100000000000002,range,0.37091885458043483,0.22836422017079436,True,range,"{""score"": 89.0, ""quality"": 47.0, ""ob_strength"": 5.0, ""sweep_strength"": 8.0, ""retest_count"": 0.0, ""is_unicorn"": 0.0, ""rr"": 1.5, ""risk_points"": 0.00029999999999996696, ""tp_source_htf"": 0.0, ""tp_source_capped"": 0.0, ""daily_bias_aligned"": 0.0, ""daily_bias_neutral"": 1.0, ""kz_london"": 0.0, ""kz_ny_am"": 0.0, ""kz_ny_pm"": 0.0, ""kz_asia"": 0.0, ""kz_ny_lunch"": 1.0, ""has_smt"": 0.0, ""has_feu_vert"": 1.0, ""has_breaker_kz"": 0.0, ""has_mss_fvg"": 1.0, ""has_po3_dist"": 0.0, ""has_phase_expansion"": 0.0, ""has_open_midnight_respect"": 0.0, ""has_FVG_sync"": 1.0, ""has_parent_ob"": 1.0, ""has_grandparent_ob"": 0.0, ""has_good_zone"": 1.0, ""has_session_direction"": 1.0, ""ob_group_size"": 2.0, ""bars_sweep_to_validation"": 8.0, ""bars_group_to_validation"": 10.0, ""is_bullish"": 1.0, ""hour_of_day"": 17.0, ""day_of_week"": 1.0, ""minutes_into_killzone"": 2.0, ""atr_at_setup"": 0.0001250000000000021, ""atr_ratio_100"": 0.8890469416785589, ""dist_to_pdh_pct"": 0.4798610057776422, ""dist_to_pdl_pct"": 0.11791144157141514, ""dist_to_d1_open_pct"": -0.31078206580291917, ""phase_reversal"": 0.0, ""phase_manipulation"": 0.0, ""vol_ratio_setup"": 0.8934953538241998, ""has_mss_nearby"": 1.0, ""po3_body_pct"": 0.8363636363635887, ""po3_upper_wick"": 0.0, ""po3_lower_wick"": 0.0, ""po3_aligned"": 0.0, ""po3_htf2_aligned"": 0.0, ""displacement_ratio"": 1.0400000000005787, ""fib_level"": 0.13983050847455633, ""mom_60"": -0.07061266874349595, ""mom_240"": -0.18669875119279236, ""body_ratio_recent"": 0.423224949929646, ""mom_aligned"": 0.0, ""atr_regime"": 1.3149877458025032, ""dist_pdh_atr"": 27.839999999999844, ""dist_pdl_atr"": 6.800000000000026}",0.72223,0.06927798484198466,NO_FILL,,,,,,,,,,,
AUDUSD,2026-05-14,bearish,2026-05-14 05:55:00+00:00,2026-05-14 06:00:00+00:00,5.0,6,Thursday,london,0.7115871110781994,0.72598,0.72627,0.7251099999999999,3.0,0.72621,0.72598,0.03168131353481687,True,0.0008639999999999759,bullish,0.14598339094626844,0.34705485394775965,True,range,"{""score"": 102.0, ""quality"": 63.0, ""ob_strength"": 9.0, ""sweep_strength"": 8.0, ""retest_count"": 0.0, ""is_unicorn"": 0.0, ""rr"": 3.0, ""risk_points"": 0.00029000000000001247, ""tp_source_htf"": 1.0, ""tp_source_capped"": 1.0, ""daily_bias_aligned"": 1.0, ""daily_bias_neutral"": 0.0, ""kz_london"": 0.0, ""kz_ny_am"": 0.0, ""kz_ny_pm"": 0.0, ""kz_asia"": 0.0, ""kz_ny_lunch"": 0.0, ""has_smt"": 0.0, ""has_feu_vert"": 0.0, ""has_breaker_kz"": 0.0, ""has_mss_fvg"": 1.0, ""has_po3_dist"": 0.0, ""has_phase_expansion"": 1.0, ""has_open_midnight_respect"": 0.0, ""has_FVG_sync"": 1.0, ""has_parent_ob"": 0.0, ""has_grandparent_ob"": 0.0, ""has_good_zone"": 1.0, ""has_session_direction"": 0.0, ""ob_group_size"": 2.0, ""bars_sweep_to_validation"": 5.0, ""bars_group_to_validation"": 6.0, ""is_bullish"": 0.0, ""hour_of_day"": 5.0, ""day_of_week"": 3.0, ""minutes_into_killzone"": -1.0, ""atr_at_setup"": 0.00013285714285715677, ""atr_ratio_100"": 1.3911742707556083, ""dist_to_pdh_pct"": 0.06194678083229787, ""dist_to_pdl_pct"": 0.6083787192172848, ""dist_to_d1_open_pct"": 0.5540319676445337, ""phase_reversal"": 0.0, ""phase_manipulation"": 0.0, ""vol_ratio_setup"": 1.3895147964550536, ""has_mss_nearby"": 1.0, ""po3_body_pct"": 0.2999999999998751, ""po3_upper_wick"": 0.0, ""po3_lower_wick"": 0.0, ""po3_aligned"": 1.0, ""po3_htf2_aligned"": 1.0, ""displacement_ratio"": 4.540540540540291, ""fib_level"": 1.159722222222202, ""mom_60"": -0.03582254064481096, ""mom_240"": 0.10071604972337696, ""body_ratio_recent"": 0.5017512895245921, ""mom_aligned"": 1.0, ""atr_regime"": 0.7567069535526946, ""dist_pdh_atr"": 3.3870967741936564, ""dist_pdl_atr"": 33.04301075268475}",0.72541,0.07851455962973629,NO_FILL,,,,,,,,,,,
AUDUSD,2026-05-14,bearish,2026-05-14 07:01:00+00:00,2026-05-14 07:05:00+00:00,4.0,7,Thursday,london,0.9248215252390949,0.72598,0.72643,0.72506,2.0444444444439895,0.72632,0.72598,0.04683324609493471,False,0.0010979999999999768,range,0.4073347877716727,0.08699014111734273,True,range,"{""score"": 134.0, ""quality"": 45.0, ""ob_strength"": 2.0, ""sweep_strength"": 8.0, ""retest_count"": 0.0, ""is_unicorn"": 0.0, ""rr"": 2.0444444444439895, ""risk_points"": 0.00045000000000006146, ""tp_source_htf"": 1.0, ""tp_source_capped"": 0.0, ""daily_bias_aligned"": 1.0, ""daily_bias_neutral"": 0.0, ""kz_london"": 1.0, ""kz_ny_am"": 0.0, ""kz_ny_pm"": 0.0, ""kz_asia"": 0.0, ""kz_ny_lunch"": 0.0, ""has_smt"": 0.0, ""has_feu_vert"": 0.0, ""has_breaker_kz"": 0.0, ""has_mss_fvg"": 1.0, ""has_po3_dist"": 0.0, ""has_phase_expansion"": 0.0, ""has_open_midnight_respect"": 0.0, ""has_FVG_sync"": 0.0, ""has_parent_ob"": 1.0, ""has_grandparent_ob"": 1.0, ""has_good_zone"": 1.0, ""has_session_direction"": 1.0, ""ob_group_size"": 2.0, ""bars_sweep_to_validation"": 15.0, ""bars_group_to_validation"": 17.0, ""is_bullish"": 0.0, ""hour_of_day"": 7.0, ""day_of_week"": 3.0, ""minutes_into_killzone"": 1.0, ""atr_at_setup"": 0.00012857142857143028, ""atr_ratio_100"": 1.0228435049437508, ""dist_to_pdh_pct"": 0.06194678083229787, ""dist_to_pdl_pct"": 0.6083787192172848, ""dist_to_d1_open_pct"": 0.5540319676445337, ""phase_reversal"": 0.0, ""phase_manipulation"": 0.0, ""vol_ratio_setup"": 1.022039511248164, ""has_mss_nearby"": 1.0, ""po3_body_pct"": 0.7746478873240273, ""po3_upper_wick"": 0.0, ""po3_lower_wick"": 0.0, ""po3_aligned"": 0.0, ""po3_htf2_aligned"": 0.0, ""displacement_ratio"": 1.1731843575417247, ""fib_level"": 0.8811881188118671, ""mom_60"": 0.035828464336903044, ""mom_240"": 0.0937594793591283, ""body_ratio_recent"": 0.5031347636281289, ""mom_aligned"": 0.0, ""atr_regime"": 0.8351249688346114, ""dist_pdh_atr"": 3.5000000000004317, ""dist_pdl_atr"": 34.14444444444403}",0.72492,0.14600953194302185,NO_FILL,,,,,,,,,,,
AUDUSD,2026-05-14,bearish,2026-05-14 07:55:00+00:00,2026-05-14 08:00:00+00:00,5.0,8,Thursday,london,0.7382197996773084,0.72541,0.72596,0.7245849999999999,1.5,0.72566,0.72541,0.034463269047845004,False,0.0012219999999999675,range,0.26611880205173283,0.17373559097678548,True,range,"{""score"": 160.0, ""quality"": 53.0, ""ob_strength"": 3.0, ""sweep_strength"": 4.0, ""retest_count"": 0.0, ""is_unicorn"": 1.0, ""rr"": 1.5, ""risk_points"": 0.0005500000000000504, ""tp_source_htf"": 0.0, ""tp_source_capped"": 0.0, ""daily_bias_aligned"": 1.0, ""daily_bias_neutral"": 0.0, ""kz_london"": 1.0, ""kz_ny_am"": 0.0, ""kz_ny_pm"": 0.0, ""kz_asia"": 0.0, ""kz_ny_lunch"": 0.0, ""has_smt"": 0.0, ""has_feu_vert"": 0.0, ""has_breaker_kz"": 1.0, ""has_mss_fvg"": 1.0, ""has_po3_dist"": 0.0, ""has_phase_expansion"": 1.0, ""has_open_midnight_respect"": 0.0, ""has_FVG_sync"": 1.0, ""has_parent_ob"": 1.0, ""has_grandparent_ob"": 1.0, ""has_good_zone"": 0.0, ""has_session_direction"": 1.0, ""ob_group_size"": 4.0, ""bars_sweep_to_validation"": 29.0, ""bars_group_to_validation"": 32.0, ""is_bullish"": 0.0, ""hour_of_day"": 7.0, ""day_of_week"": 3.0, ""minutes_into_killzone"": 55.0, ""atr_at_setup"": 0.0001021428571428681, ""atr_ratio_100"": 0.8678237650201073, ""dist_to_pdh_pct"": 0.14041270321985888, ""dist_to_pdl_pct"": 0.529386493715274, ""dist_to_d1_open_pct"": 0.47508241225519326, ""phase_reversal"": 0.0, ""phase_manipulation"": 0.0, ""vol_ratio_setup"": 0.8593369088250319, ""has_mss_nearby"": 1.0, ""po3_body_pct"": 0.8563218390804727, ""po3_upper_wick"": 0.0, ""po3_lower_wick"": 0.0, ""po3_aligned"": 0.0, ""po3_htf2_aligned"": 0.0, ""displacement_ratio"": 3.27659574467996, ""fib_level"": 0.23504273504275572, ""mom_60"": -0.10054265487700856, ""mom_240"": 0.026201836886673397, ""body_ratio_recent"": 0.5219398820136252, ""mom_aligned"": 1.0, ""atr_regime"": 0.8824933111577224, ""dist_pdh_atr"": 9.98601398601312, ""dist_pdl_atr"": 37.39860139859783}",0.72458,0.11441805323885766,NO_FILL,,,,,,,,,,,
EURUSD,2026-05-14,bearish,2026-05-14 07:13:00+00:00,2026-05-14 07:15:00+00:00,2.0,7,Thursday,london,0.7342878063739741,1.17143,1.17215,1.1698,2.2638888888887476,1.17187,1.17143,0.0375609298037438,False,0.0008960000000000524,range,0.11958146487295049,0.08712363869314721,False,range,"{""score"": 137.0, ""quality"": 49.0, ""ob_strength"": 3.0, ""sweep_strength"": 6.0, ""retest_count"": 0.0, ""is_unicorn"": 0.0, ""rr"": 2.2638888888887476, ""risk_points"": 0.0007200000000000539, ""tp_source_htf"": 1.0, ""tp_source_capped"": 0.0, ""daily_bias_aligned"": 1.0, ""daily_bias_neutral"": 0.0, ""kz_london"": 1.0, ""kz_ny_am"": 0.0, ""kz_ny_pm"": 0.0, ""kz_asia"": 0.0, ""kz_ny_lunch"": 0.0, ""has_smt"": 0.0, ""has_feu_vert"": 0.0, ""has_breaker_kz"": 0.0, ""has_mss_fvg"": 0.0, ""has_po3_dist"": 0.0, ""has_phase_expansion"": 0.0, ""has_open_midnight_respect"": 0.0, ""has_FVG_sync"": 1.0, ""has_parent_ob"": 1.0, ""has_grandparent_ob"": 1.0, ""has_good_zone"": 1.0, ""has_session_direction"": 1.0, ""ob_group_size"": 3.0, ""bars_sweep_to_validation"": 27.0, ""bars_group_to_validation"": 29.0, ""is_bullish"": 0.0, ""hour_of_day"": 7.0, ""day_of_week"": 3.0, ""minutes_into_killzone"": 13.0, ""atr_at_setup"": 0.00012785714285713987, ""atr_ratio_100"": 1.0411819450907287, ""dist_to_pdh_pct"": 0.06142558546261604, ""dist_to_pdl_pct"": 0.4148844066895786, ""dist_to_d1_open_pct"": 0.39423052201262715, ""phase_reversal"": 0.0, ""phase_manipulation"": 0.0, ""vol_ratio_setup"": 1.042030504133169, ""has_mss_nearby"": 0.0, ""po3_body_pct"": 0.8181818181814512, ""po3_upper_wick"": 0.0, ""po3_lower_wick"": 0.0, ""po3_aligned"": 0.0, ""po3_htf2_aligned"": 0.0, ""displacement_ratio"": 0.7821229050278651, ""fib_level"": 1.0425531914893968, ""mom_60"": 0.05552091430133672, ""mom_240"": 0.016222816110121715, ""body_ratio_recent"": 0.43921289438566946, ""mom_aligned"": 0.0, ""atr_regime"": 0.6849733239903678, ""dist_pdh_atr"": 5.631284916201671, ""dist_pdl_atr"": 37.85474860335249}",1.17155,-0.01024388994648592,INVALID_PRICE,,,,,,,,,,,
EURUSD,2026-05-14,bearish,2026-05-14 12:31:00+00:00,2026-05-14 12:35:00+00:00,4.0,12,Thursday,ny_morning,0.7099300634419052,1.1703000000000001,1.17053,1.1698,2.1739130434794363,1.17048,1.1703000000000001,0.015380671622647777,False,0.0008699999999999708,range,0.2068853496106015,0.008548981388866575,False,range,"{""score"": 156.0, ""quality"": 49.0, ""ob_strength"": 7.0, ""sweep_strength"": 5.0, ""retest_count"": 0.0, ""is_unicorn"": 0.0, ""rr"": 2.1739130434794363, ""risk_points"": 0.00022999999999995246, ""tp_source_htf"": 1.0, ""tp_source_capped"": 0.0, ""daily_bias_aligned"": 1.0, ""daily_bias_neutral"": 0.0, ""kz_london"": 0.0, ""kz_ny_am"": 1.0, ""kz_ny_pm"": 0.0, ""kz_asia"": 0.0, ""kz_ny_lunch"": 0.0, ""has_smt"": 0.0, ""has_feu_vert"": 0.0, ""has_breaker_kz"": 0.0, ""has_mss_fvg"": 1.0, ""has_po3_dist"": 0.0, ""has_phase_expansion"": 1.0, ""has_open_midnight_respect"": 1.0, ""has_FVG_sync"": 1.0, ""has_parent_ob"": 1.0, ""has_grandparent_ob"": 1.0, ""has_good_zone"": 0.0, ""has_session_direction"": 1.0, ""ob_group_size"": 3.0, ""bars_sweep_to_validation"": 2.0, ""bars_group_to_validation"": 5.0, ""is_bullish"": 0.0, ""hour_of_day"": 12.0, ""day_of_week"": 3.0, ""minutes_into_killzone"": 31.0, ""atr_at_setup"": 0.00012071428571423594, ""atr_ratio_100"": 1.0424377004684855, ""dist_to_pdh_pct"": 0.1578296293136465, ""dist_to_pdl_pct"": 0.31802089851619697, ""dist_to_d1_open_pct"": 0.2973869372573626, ""phase_reversal"": 0.0, ""phase_manipulation"": 0.0, ""vol_ratio_setup"": 1.0469582455702267, ""has_mss_nearby"": 1.0, ""po3_body_pct"": 0.9655172413790903, ""po3_upper_wick"": 0.0, ""po3_lower_wick"": 0.0, ""po3_aligned"": 0.0, ""po3_htf2_aligned"": 1.0, ""displacement_ratio"": 2.236686390533404, ""fib_level"": -0.22972972972974595, ""mom_60"": -0.027341079972648324, ""mom_240"": -0.10756910888384576, ""body_ratio_recent"": 0.4328254466119835, ""mom_aligned"": 1.0, ""atr_regime"": 0.8484873813492214, ""dist_pdh_atr"": 15.3254437869878, ""dist_pdl_atr"": 30.733727810664405}",1.17135,-0.0897205844655023,INVALID_PRICE,,,,,,,,,,,
EURUSD,2026-05-14,bearish,2026-05-14 14:51:00+00:00,2026-05-14 14:55:00+00:00,4.0,14,Thursday,ny_morning,0.8936130342000909,1.16942,1.16966,1.16889,2.208333333332832,1.1696,1.16942,0.015392245728657711,False,0.0012500000000000178,range,0.3664791457953421,0.0,False,range,"{""score"": 179.0, ""quality"": 44.0, ""ob_strength"": 8.0, ""sweep_strength"": 3.0, ""retest_count"": 0.0, ""is_unicorn"": 0.0, ""rr"": 2.208333333332832, ""risk_points"": 0.00024000000000001798, ""tp_source_htf"": 1.0, ""tp_source_capped"": 0.0, ""daily_bias_aligned"": 1.0, ""daily_bias_neutral"": 0.0, ""kz_london"": 0.0, ""kz_ny_am"": 1.0, ""kz_ny_pm"": 0.0, ""kz_asia"": 0.0, ""kz_ny_lunch"": 0.0, ""has_smt"": 0.0, ""has_feu_vert"": 0.0, ""has_breaker_kz"": 0.0, ""has_mss_fvg"": 1.0, ""has_po3_dist"": 1.0, ""has_phase_expansion"": 1.0, ""has_open_midnight_respect"": 1.0, ""has_FVG_sync"": 1.0, ""has_parent_ob"": 1.0, ""has_grandparent_ob"": 1.0, ""has_good_zone"": 1.0, ""has_session_direction"": 1.0, ""ob_group_size"": 2.0, ""bars_sweep_to_validation"": 6.0, ""bars_group_to_validation"": 8.0, ""is_bullish"": 0.0, ""hour_of_day"": 14.0, ""day_of_week"": 3.0, ""minutes_into_killzone"": 51.0, ""atr_at_setup"": 0.00013714285714285155, ""atr_ratio_100"": 0.784570120954521, ""dist_to_pdh_pct"": 0.23290534487907874, ""dist_to_pdl_pct"": 0.2425873700271636, ""dist_to_d1_open_pct"": 0.2219689243505798, ""phase_reversal"": 0.0, ""phase_manipulation"": 0.0, ""vol_ratio_setup"": 0.7863695937090056, ""has_mss_nearby"": 1.0, ""po3_body_pct"": 0.9385474860336117, ""po3_upper_wick"": 0.0, ""po3_lower_wick"": 0.0, ""po3_aligned"": 0.0, ""po3_htf2_aligned"": 1.0, ""displacement_ratio"": 2.843750000000936, ""fib_level"": 0.6530612244896572, ""mom_60"": -0.0008553149269617086, ""mom_240"": -0.13495853014786816, ""body_ratio_recent"": 0.5029898000548026, ""mom_aligned"": 1.0, ""atr_regime"": 1.0902719054302448, ""dist_pdh_atr"": 19.906250000001695, ""dist_pdl_atr"": 20.635416666666693}",1.17105,-0.13938533632057093,INVALID_PRICE,,,,,,,,,,,
DJ30,2026-05-12,bullish,2026-05-12 13:57:00+00:00,2026-05-12 14:00:00+00:00,3.0,14,Tuesday,ny_morning,0.8958834330075639,49426.46,49333.46,49565.96,1.5,49426.46,49345.46,0.16387983278592075,False,164.54600000000065,range,0.6954567160630466,0.26080385003091233,False,range,"{""score"": 107.0, ""quality"": 37.0, ""ob_strength"": 4.0, ""sweep_strength"": 6.0, ""retest_count"": 0.0, ""is_unicorn"": 0.0, ""rr"": 1.5, ""risk_points"": 93.0, ""tp_source_htf"": 0.0, ""tp_source_capped"": 0.0, ""daily_bias_aligned"": 1.0, ""daily_bias_neutral"": 0.0, ""kz_london"": 0.0, ""kz_ny_am"": 1.0, ""kz_ny_pm"": 0.0, ""kz_asia"": 0.0, ""kz_ny_lunch"": 0.0, ""has_smt"": 0.0, ""has_feu_vert"": 0.0, ""has_breaker_kz"": 0.0, ""has_mss_fvg"": 1.0, ""has_po3_dist"": 1.0, ""has_phase_expansion"": 0.0, ""has_open_midnight_respect"": 0.0, ""has_FVG_sync"": 1.0, ""has_parent_ob"": 0.0, ""has_grandparent_ob"": 0.0, ""has_good_zone"": 1.0, ""has_session_direction"": 1.0, ""ob_group_size"": 1.0, ""bars_sweep_to_validation"": 11.0, ""bars_group_to_validation"": 11.0, ""is_bullish"": 1.0, ""hour_of_day"": 13.0, ""day_of_week"": 1.0, ""minutes_into_killzone"": 57.0, ""atr_at_setup"": 37.785714285714285, ""atr_ratio_100"": 1.665530076198765, ""dist_to_pdh_pct"": 0.8796731823112423, ""dist_to_pdl_pct"": 0.18851302949357293, ""dist_to_d1_open_pct"": -0.7640092284235583, ""phase_reversal"": 0.0, ""phase_manipulation"": 0.0, ""vol_ratio_setup"": 1.668913969220028, ""has_mss_nearby"": 0.0, ""po3_body_pct"": 0.576271186440678, ""po3_upper_wick"": 0.0, ""po3_lower_wick"": 0.0, ""po3_aligned"": 1.0, ""po3_htf2_aligned"": 0.0, ""displacement_ratio"": 1.164461247637051, ""fib_level"": -2.40847902097898, ""mom_60"": -0.6869873036034643, ""mom_240"": -0.47202359654878984, ""body_ratio_recent"": 0.4500307648840085, ""mom_aligned"": 0.0, ""atr_regime"": 1.146550594273217, ""dist_pdh_atr"": 11.608884688090775, ""dist_pdl_atr"": 2.4612476370510397}",49631.63,0.41510154682329714,NO_FILL,,,,,,,,,,,
DJ30,2026-05-12,bullish,2026-05-12 14:05:00+00:00,2026-05-12 14:10:00+00:00,5.0,14,Tuesday,ny_morning,0.7295062547203979,49453.46,49333.46,49633.46,1.5,49453.46,49384.46,0.13952512119475563,False,164.54600000000065,range,0.6954567160630466,0.26080385003091233,False,range,"{""score"": 110.0, ""quality"": 50.0, ""ob_strength"": 4.0, ""sweep_strength"": 6.0, ""retest_count"": 0.0, ""is_unicorn"": 0.0, ""rr"": 1.5, ""risk_points"": 120.0, ""tp_source_htf"": 0.0, ""tp_source_capped"": 0.0, ""daily_bias_aligned"": 1.0, ""daily_bias_neutral"": 0.0, ""kz_london"": 0.0, ""kz_ny_am"": 1.0, ""kz_ny_pm"": 0.0, ""kz_asia"": 0.0, ""kz_ny_lunch"": 0.0, ""has_smt"": 0.0, ""has_feu_vert"": 0.0, ""has_breaker_kz"": 0.0, ""has_mss_fvg"": 1.0, ""has_po3_dist"": 0.0, ""has_phase_expansion"": 0.0, ""has_open_midnight_respect"": 0.0, ""has_FVG_sync"": 1.0, ""has_parent_ob"": 0.0, ""has_grandparent_ob"": 0.0, ""has_good_zone"": 1.0, ""has_session_direction"": 1.0, ""ob_group_size"": 1.0, ""bars_sweep_to_validation"": 23.0, ""bars_group_to_validation"": 23.0, ""is_bullish"": 1.0, ""hour_of_day"": 14.0, ""day_of_week"": 1.0, ""minutes_into_killzone"": 5.0, ""atr_at_setup"": 40.23928571428561, ""atr_ratio_100"": 1.5584299900189438, ""dist_to_pdh_pct"": 0.8255271070293467, ""dist_to_pdl_pct"": 0.24324261870138442, ""dist_to_d1_open_pct"": -0.709799969843588, ""phase_reversal"": 0.0, ""phase_manipulation"": 0.0, ""vol_ratio_setup"": 1.5612113459201813, ""has_mss_nearby"": 1.0, ""po3_body_pct"": 0.35172413793103446, ""po3_upper_wick"": 0.0, ""po3_lower_wick"": 0.0, ""po3_aligned"": 1.0, ""po3_htf2_aligned"": 1.0, ""displacement_ratio"": 0.41377474039233336, ""fib_level"": -2.1200174825174454, ""mom_60"": -0.5606589214677519, ""mom_240"": -0.4297676219719453, ""body_ratio_recent"": 0.4980608911949223, ""mom_aligned"": 0.0, ""atr_regime"": 1.251829651347321, ""dist_pdh_atr"": 10.230052365314698, ""dist_pdl_atr"": 2.9821602911156555}",49602.63,0.30163713519741236,NO_FILL,,,,,,,,,,,
DJ30,2026-05-12,bullish,2026-05-12 18:16:00+00:00,2026-05-12 18:20:00+00:00,4.0,18,Tuesday,ny_afternoon,0.7119209542988755,49730.46,49716.46,49760.44,2.1414285714288,49730.46,49716.46,0.028151760510560328,True,137.8,bullish,0.014053555288493391,0.9556417596175506,True,range,"{""score"": 139.0, ""quality"": 52.0, ""ob_strength"": 5.0, ""sweep_strength"": 3.0, ""retest_count"": 0.0, ""is_unicorn"": 1.0, ""rr"": 2.1414285714288, ""risk_points"": 14.0, ""tp_source_htf"": 1.0, ""tp_source_capped"": 0.0, ""daily_bias_aligned"": 1.0, ""daily_bias_neutral"": 0.0, ""kz_london"": 0.0, ""kz_ny_am"": 0.0, ""kz_ny_pm"": 1.0, ""kz_asia"": 0.0, ""kz_ny_lunch"": 0.0, ""has_smt"": 0.0, ""has_feu_vert"": 0.0, ""has_breaker_kz"": 1.0, ""has_mss_fvg"": 1.0, ""has_po3_dist"": 1.0, ""has_phase_expansion"": 0.0, ""has_open_midnight_respect"": 1.0, ""has_FVG_sync"": 1.0, ""has_parent_ob"": 1.0, ""has_grandparent_ob"": 1.0, ""has_good_zone"": 0.0, ""has_session_direction"": 1.0, ""ob_group_size"": 1.0, ""bars_sweep_to_validation"": 2.0, ""bars_group_to_validation"": 2.0, ""is_bullish"": 1.0, ""hour_of_day"": 18.0, ""day_of_week"": 1.0, ""minutes_into_killzone"": 16.0, ""atr_at_setup"": 15.928571428571429, ""atr_ratio_100"": 0.9552194820225987, ""dist_to_pdh_pct"": 0.2700284828410114, ""dist_to_pdl_pct"": 0.8047276635370801, ""dist_to_d1_open_pct"": -0.1536531318194471, ""phase_reversal"": 0.0, ""phase_manipulation"": 0.0, ""vol_ratio_setup"": 0.9520778885485621, ""has_mss_nearby"": 1.0, ""po3_body_pct"": 0.776595744680851, ""po3_upper_wick"": 0.0, ""po3_lower_wick"": 0.0, ""po3_aligned"": 0.0, ""po3_htf2_aligned"": 1.0, ""displacement_ratio"": 0.8828828828828829, ""fib_level"": 0.8894601542416453, ""mom_60"": 0.05431561718835811, ""mom_240"": 0.5580214983847703, ""body_ratio_recent"": 0.4403629755177743, ""mom_aligned"": 1.0, ""atr_regime"": 1.4947853141592724, ""dist_pdh_atr"": 8.453363228699644, ""dist_pdl_atr"": 24.923766816143498}",49696.53,-0.06822780243738001,INVALID_PRICE,,,,,,,,,,,
EURUSD,2026-05-15,bearish,2026-05-15 17:37:00+00:00,2026-05-15 17:40:00+00:00,3.0,17,Friday,ny_afternoon,0.7176259208759999,1.16304,1.16358,1.1620300000000001,1.8703703703703398,1.16327,1.16304,0.019775760077035395,False,0.0011500000000000733,range,0.38101299572542413,0.08256715031522349,False,range,"{""score"": 88.0, ""quality"": 30.0, ""ob_strength"": 3.0, ""sweep_strength"": 3.0, ""retest_count"": 0.0, ""is_unicorn"": 0.0, ""rr"": 1.8703703703703398, ""risk_points"": 0.0005399999999999849, ""tp_source_htf"": 1.0, ""tp_source_capped"": 0.0, ""daily_bias_aligned"": 1.0, ""daily_bias_neutral"": 0.0, ""kz_london"": 0.0, ""kz_ny_am"": 0.0, ""kz_ny_pm"": 1.0, ""kz_asia"": 0.0, ""kz_ny_lunch"": 0.0, ""has_smt"": 0.0, ""has_feu_vert"": 0.0, ""has_breaker_kz"": 0.0, ""has_mss_fvg"": 1.0, ""has_po3_dist"": 0.0, ""has_phase_expansion"": 1.0, ""has_open_midnight_respect"": 1.0, ""has_FVG_sync"": 1.0, ""has_parent_ob"": 0.0, ""has_grandparent_ob"": 0.0, ""has_good_zone"": 0.0, ""has_session_direction"": 1.0, ""ob_group_size"": 3.0, ""bars_sweep_to_validation"": 27.0, ""bars_group_to_validation"": 29.0, ""is_bullish"": 0.0, ""hour_of_day"": 17.0, ""day_of_week"": 4.0, ""minutes_into_killzone"": 37.0, ""atr_at_setup"": 0.00011785714285712194, ""atr_ratio_100"": 0.9543088490455154, ""dist_to_pdh_pct"": 0.3589695261430837, ""dist_to_pdl_pct"": 0.11707182700916154, ""dist_to_d1_open_pct"": 0.04989418990761187, ""phase_reversal"": 0.0, ""phase_manipulation"": 0.0, ""vol_ratio_setup"": 0.9450371057512491, ""has_mss_nearby"": 1.0, ""po3_body_pct"": 0.8200000000001332, ""po3_upper_wick"": 0.0, ""po3_lower_wick"": 0.0, ""po3_aligned"": 0.0, ""po3_htf2_aligned"": 1.0, ""displacement_ratio"": 0.9447852760742046, ""fib_level"": 0.6329479768786487, ""mom_60"": 0.01031956245054332, ""mom_240"": 0.0352673003311704, ""body_ratio_recent"": 0.4484815592907254, ""mom_aligned"": 0.0, ""atr_regime"": 1.2148737955738667, ""dist_pdh_atr"": 35.551515151520746, ""dist_pdl_atr"": 11.539393939396223}",1.16356,-0.044710414087207134,INVALID_PRICE,,,,,,,,,,,
EURUSD,2026-05-15,bullish,2026-05-15 20:32:00+00:00,2026-05-15 20:35:00+00:00,3.0,20,Friday,ny_afternoon,0.7538137004576582,1.16223,1.16206,1.16259,2.1176470588229916,1.16223,1.16212,0.009464563812675159,False,0.0007580000000000364,range,0.2838807356812156,0.06709908297919953,False,range,"{""score"": 105.0, ""quality"": 62.0, ""ob_strength"": 6.0, ""sweep_strength"": 3.0, ""retest_count"": 0.0, ""is_unicorn"": 1.0, ""rr"": 2.1176470588229916, ""risk_points"": 0.00017000000000000348, ""tp_source_htf"": 1.0, ""tp_source_capped"": 0.0, ""daily_bias_aligned"": 0.0, ""daily_bias_neutral"": 0.0, ""kz_london"": 0.0, ""kz_ny_am"": 0.0, ""kz_ny_pm"": 0.0, ""kz_asia"": 0.0, ""kz_ny_lunch"": 0.0, ""has_smt"": 0.0, ""has_feu_vert"": 0.0, ""has_breaker_kz"": 1.0, ""has_mss_fvg"": 1.0, ""has_po3_dist"": 1.0, ""has_phase_expansion"": 1.0, ""has_open_midnight_respect"": 0.0, ""has_FVG_sync"": 1.0, ""has_parent_ob"": 1.0, ""has_grandparent_ob"": 0.0, ""has_good_zone"": 0.0, ""has_session_direction"": 1.0, ""ob_group_size"": 1.0, ""bars_sweep_to_validation"": 15.0, ""bars_group_to_validation"": 16.0, ""is_bullish"": 1.0, ""hour_of_day"": 20.0, ""day_of_week"": 4.0, ""minutes_into_killzone"": 32.0, ""atr_at_setup"": 8.071428571425938e-05, ""atr_ratio_100"": 0.8821233411395547, ""dist_to_pdh_pct"": 0.42836458966955043, ""dist_to_pdl_pct"": 0.047345224158120175, ""dist_to_d1_open_pct"": -0.019785627032323904, ""phase_reversal"": 0.0, ""phase_manipulation"": 0.0, ""vol_ratio_setup"": 0.8840557033326444, ""has_mss_nearby"": 1.0, ""po3_body_pct"": 0.9749999999998334, ""po3_upper_wick"": 0.0, ""po3_lower_wick"": 0.0, ""po3_aligned"": 0.0, ""po3_htf2_aligned"": 1.0, ""displacement_ratio"": 1.486725663716035, ""fib_level"": 0.7734374999998943, ""mom_60"": 0.012906556530725737, ""mom_240"": -0.04127860478316142, ""body_ratio_recent"": 0.49761363636406114, ""mom_aligned"": 1.0, ""atr_regime"": 0.7863300610029497, ""dist_pdh_atr"": 61.946902654886145, ""dist_pdl_atr"": 6.814159292038246}",1.1632,0.08346024452990504,LOSS,2026-05-15 21:24:40.922000+00:00,2980.922,1.16223,0.00017000000000000348,0.00035999999999991594,0.0,1.0,151.0,2026-05-15 21:25:39.873000+00:00,58.951,-1.0
GBPUSD,2026-05-12,bullish,2026-05-12 08:45:00+00:00,2026-05-12 08:50:00+00:00,5.0,8,Tuesday,london,0.8114010621353681,1.35171,1.35059,1.35339,1.5,1.35171,1.35123,0.03551057549326675,False,0.0025780000000000134,bearish,0.9083316703990404,0.2069429354855335,False,bearish,"{""score"": 85.0, ""quality"": 46.0, ""ob_strength"": 7.0, ""sweep_strength"": 3.0, ""retest_count"": 0.0, ""is_unicorn"": 0.0, ""rr"": 1.5, ""risk_points"": 0.0011200000000000099, ""tp_source_htf"": 0.0, ""tp_source_capped"": 0.0, ""daily_bias_aligned"": 0.0, ""daily_bias_neutral"": 1.0, ""kz_london"": 1.0, ""kz_ny_am"": 0.0, ""kz_ny_pm"": 0.0, ""kz_asia"": 0.0, ""kz_ny_lunch"": 0.0, ""has_smt"": 0.0, ""has_feu_vert"": 1.0, ""has_breaker_kz"": 0.0, ""has_mss_fvg"": 1.0, ""has_po3_dist"": 0.0, ""has_phase_expansion"": 1.0, ""has_open_midnight_respect"": 0.0, ""has_FVG_sync"": 1.0, ""has_parent_ob"": 0.0, ""has_grandparent_ob"": 0.0, ""has_good_zone"": 0.0, ""has_session_direction"": 1.0, ""ob_group_size"": 1.0, ""bars_sweep_to_validation"": 11.0, ""bars_group_to_validation"": 11.0, ""is_bullish"": 1.0, ""hour_of_day"": 8.0, ""day_of_week"": 1.0, ""minutes_into_killzone"": 45.0, ""atr_at_setup"": 0.0003500000000000249, ""atr_ratio_100"": 1.1697860962568567, ""dist_to_pdh_pct"": 0.6818565896883854, ""dist_to_pdl_pct"": 0.1251833306173219, ""dist_to_d1_open_pct"": -0.16839119934416502, ""phase_reversal"": 0.0, ""phase_manipulation"": 0.0, ""vol_ratio_setup"": 1.166571046089305, ""has_mss_nearby"": 1.0, ""po3_body_pct"": 0.8178137651821593, ""po3_upper_wick"": 0.0, ""po3_lower_wick"": 0.0, ""po3_aligned"": 0.0, ""po3_htf2_aligned"": 1.0, ""displacement_ratio"": 5.594262295081166, ""fib_level"": 0.36470588235293044, ""mom_60"": 0.06730520320993798, ""mom_240"": -0.415866216206281, ""body_ratio_recent"": 0.5969017785184845, ""mom_aligned"": 1.0, ""atr_regime"": 1.3330986238882945, ""dist_pdh_atr"": 26.5142857142837, ""dist_pdl_atr"": 4.8285714285709975}",1.35864,0.5126839336840079,NO_FILL,,,,,,,,,,,
GBPUSD,2026-05-12,bullish,2026-05-12 14:00:00+00:00,2026-05-12 14:05:00+00:00,5.0,14,Tuesday,ny_morning,0.801513834880305,1.35132,1.35072,1.3522200000000004,1.5,1.35132,1.35089,0.03182073824113848,False,0.0027020000000000264,range,0.7823129251700706,0.16045548654244343,False,range,"{""score"": 72.0, ""quality"": 37.0, ""ob_strength"": 4.0, ""sweep_strength"": 6.0, ""retest_count"": 0.0, ""is_unicorn"": 0.0, ""rr"": 1.5, ""risk_points"": 0.000600000000000156, ""tp_source_htf"": 0.0, ""tp_source_capped"": 0.0, ""daily_bias_aligned"": 0.0, ""daily_bias_neutral"": 1.0, ""kz_london"": 0.0, ""kz_ny_am"": 1.0, ""kz_ny_pm"": 0.0, ""kz_asia"": 0.0, ""kz_ny_lunch"": 0.0, ""has_smt"": 0.0, ""has_feu_vert"": 1.0, ""has_breaker_kz"": 0.0, ""has_mss_fvg"": 1.0, ""has_po3_dist"": 0.0, ""has_phase_expansion"": 0.0, ""has_open_midnight_respect"": 0.0, ""has_FVG_sync"": 1.0, ""has_parent_ob"": 0.0, ""has_grandparent_ob"": 0.0, ""has_good_zone"": 1.0, ""has_session_direction"": 1.0, ""ob_group_size"": 2.0, ""bars_sweep_to_validation"": 6.0, ""bars_group_to_validation"": 7.0, ""is_bullish"": 1.0, ""hour_of_day"": 14.0, ""day_of_week"": 1.0, ""minutes_into_killzone"": 0.0, ""atr_at_setup"": 0.0003171428571428571, ""atr_ratio_100"": 0.956690368455029, ""dist_to_pdh_pct"": 0.7105122006774367, ""dist_to_pdl_pct"": 0.09629486970563983, ""dist_to_d1_open_pct"": -0.1971949571267107, ""phase_reversal"": 0.0, ""phase_manipulation"": 0.0, ""vol_ratio_setup"": 0.957267905653007, ""has_mss_nearby"": 1.0, ""po3_body_pct"": 0.8014981273407837, ""po3_upper_wick"": 0.0, ""po3_lower_wick"": 0.0, ""po3_aligned"": 0.0, ""po3_htf2_aligned"": 0.0, ""displacement_ratio"": 1.3243243243245988, ""fib_level"": -0.06810631229236334, ""mom_60"": -0.16325626061903106, ""mom_240"": -0.17874157071000782, ""body_ratio_recent"": 0.46908093137699, ""mom_aligned"": 0.0, ""atr_regime"": 1.4983866116806726, ""dist_pdh_atr"": 30.490990990990507, ""dist_pdl_atr"": 4.099099099099348}",1.35389,0.19018441227836197,NO_FILL,,,,,,,,,,,
GBPUSD,2026-05-12,bullish,2026-05-12 15:32:00+00:00,2026-05-12 15:35:00+00:00,3.0,15,Tuesday,ny_morning,0.9462837841081555,1.35099,1.35002,1.352445,1.5,1.35099,1.35002,0.07179919910583464,False,0.002866000000000035,range,0.69198012775018,0.19369529216939219,False,range,"{""score"": 111.0, ""quality"": 49.0, ""ob_strength"": 4.0, ""sweep_strength"": 8.0, ""retest_count"": 0.0, ""is_unicorn"": 0.0, ""rr"": 1.5, ""risk_points"": 0.0009699999999999154, ""tp_source_htf"": 0.0, ""tp_source_capped"": 0.0, ""daily_bias_aligned"": 0.0, ""daily_bias_neutral"": 1.0, ""kz_london"": 0.0, ""kz_ny_am"": 1.0, ""kz_ny_pm"": 0.0, ""kz_asia"": 0.0, ""kz_ny_lunch"": 0.0, ""has_smt"": 0.0, ""has_feu_vert"": 1.0, ""has_breaker_kz"": 0.0, ""has_mss_fvg"": 1.0, ""has_po3_dist"": 0.0, ""has_phase_expansion"": 1.0, ""has_open_midnight_respect"": 0.0, ""has_FVG_sync"": 1.0, ""has_parent_ob"": 0.0, ""has_grandparent_ob"": 0.0, ""has_good_zone"": 1.0, ""has_session_direction"": 1.0, ""ob_group_size"": 5.0, ""bars_sweep_to_validation"": 7.0, ""bars_group_to_validation"": 11.0, ""is_bullish"": 1.0, ""hour_of_day"": 15.0, ""day_of_week"": 1.0, ""minutes_into_killzone"": 32.0, ""atr_at_setup"": 0.00030500000000003143, ""atr_ratio_100"": 0.9206157561123461, ""dist_to_pdh_pct"": 0.7347592561297298, ""dist_to_pdl_pct"": 0.07185078739573603, ""dist_to_d1_open_pct"": -0.22156736755811446, ""phase_reversal"": 0.0, ""phase_manipulation"": 0.0, ""vol_ratio_setup"": 0.920126139358111, ""has_mss_nearby"": 0.0, ""po3_body_pct"": 0.9538461538460821, ""po3_upper_wick"": 0.0, ""po3_lower_wick"": 0.0, ""po3_aligned"": 0.0, ""po3_htf2_aligned"": 1.0, ""displacement_ratio"": 1.8403755868546794, ""fib_level"": -0.07142857142851873, ""mom_60"": -0.059162408205819514, ""mom_240"": -0.19054793609997317, ""body_ratio_recent"": 0.43311124592487893, ""mom_aligned"": 0.0, ""atr_regime"": 1.741767532419605, ""dist_pdh_atr"": 32.78688524589829, ""dist_pdl_atr"": 3.1803278688518537}",1.35132,0.024426531654576533,WIN,2026-05-12 15:36:48.853000+00:00,108.853,1.35099,0.0009699999999999154,0.001454999999999984,1.5051546391754065,0.4123711340206091,1493.0,2026-05-12 15:45:28.917000+00:00,520.064,1.5
DJ30,2026-05-14,bullish,2026-05-14 00:22:00+00:00,2026-05-14 00:25:00+00:00,3.0,0,Thursday,asia,0.7553601433968246,49854.39,49828.99,49892.490000000005,1.5,49854.39,49837.39,0.03409930399308867,True,64.05599999999977,range,0.03409383304731281,0.7659680973976585,True,range,"{""score"": 70.0, ""quality"": 39.0, ""ob_strength"": 3.0, ""sweep_strength"": 7.0, ""retest_count"": 0.0, ""is_unicorn"": 0.0, ""rr"": 1.5, ""risk_points"": 25.400000000001455, ""tp_source_htf"": 0.0, ""tp_source_capped"": 0.0, ""daily_bias_aligned"": 0.0, ""daily_bias_neutral"": 1.0, ""kz_london"": 0.0, ""kz_ny_am"": 0.0, ""kz_ny_pm"": 0.0, ""kz_asia"": 1.0, ""kz_ny_lunch"": 0.0, ""has_smt"": 0.0, ""has_feu_vert"": 1.0, ""has_breaker_kz"": 0.0, ""has_mss_fvg"": 0.0, ""has_po3_dist"": 0.0, ""has_phase_expansion"": 0.0, ""has_open_midnight_respect"": 1.0, ""has_FVG_sync"": 0.0, ""has_parent_ob"": 1.0, ""has_grandparent_ob"": 1.0, ""has_good_zone"": 0.0, ""has_session_direction"": 1.0, ""ob_group_size"": 3.0, ""bars_sweep_to_validation"": 21.0, ""bars_group_to_validation"": 23.0, ""is_bullish"": 1.0, ""hour_of_day"": 0.0, ""day_of_week"": 3.0, ""minutes_into_killzone"": 22.0, ""atr_at_setup"": 7.485714285714494, ""atr_ratio_100"": 1.7408637873754342, ""dist_to_pdh_pct"": 0.7664692255848286, ""dist_to_pdl_pct"": 0.06422815123883058, ""dist_to_d1_open_pct"": -0.5001497854804453, ""phase_reversal"": 0.0, ""phase_manipulation"": 0.0, ""vol_ratio_setup"": 1.773865944482077, ""has_mss_nearby"": 0.0, ""po3_body_pct"": 0.8333333333333334, ""po3_upper_wick"": 0.0, ""po3_lower_wick"": 0.0, ""po3_aligned"": 0.0, ""po3_htf2_aligned"": 1.0, ""displacement_ratio"": 0.8015267175572296, ""fib_level"": 0.8584874613308763, ""mom_60"": 0.012036014161574264, ""mom_240"": 0.2028521090951632, ""body_ratio_recent"": 0.4315476190476118, ""mom_aligned"": 1.0, ""atr_regime"": 0.5267805644503827, ""dist_pdh_atr"": 51.440648854960365, ""dist_pdl_atr"": 4.2748091603052245}",49746.56,-0.2162898793867536,INVALID_PRICE,,,,,,,,,,,
DJ30,2026-05-14,bearish,2026-05-14 16:09:00+00:00,2026-05-14 16:10:00+00:00,1.0,16,Thursday,ny_afternoon,0.7379295834428755,50201.46,50239.46,50087.46,3.0,50220.46,50201.46,0.03784750483352476,True,189.99599999999919,range,0.38764755084677016,0.6475512464067664,True,range,"{""score"": 103.0, ""quality"": 25.0, ""ob_strength"": 4.0, ""sweep_strength"": 2.0, ""retest_count"": 0.0, ""is_unicorn"": 0.0, ""rr"": 3.0, ""risk_points"": 38.0, ""tp_source_htf"": 1.0, ""tp_source_capped"": 1.0, ""daily_bias_aligned"": 0.0, ""daily_bias_neutral"": 1.0, ""kz_london"": 0.0, ""kz_ny_am"": 0.0, ""kz_ny_pm"": 0.0, ""kz_asia"": 0.0, ""kz_ny_lunch"": 1.0, ""has_smt"": 0.0, ""has_feu_vert"": 1.0, ""has_breaker_kz"": 0.0, ""has_mss_fvg"": 1.0, ""has_po3_dist"": 1.0, ""has_phase_expansion"": 0.0, ""has_open_midnight_respect"": 0.0, ""has_FVG_sync"": 1.0, ""has_parent_ob"": 1.0, ""has_grandparent_ob"": 1.0, ""has_good_zone"": 1.0, ""has_session_direction"": 1.0, ""ob_group_size"": 2.0, ""bars_sweep_to_validation"": 5.0, ""bars_group_to_validation"": 7.0, ""is_bullish"": 0.0, ""hour_of_day"": 16.0, ""day_of_week"": 3.0, ""minutes_into_killzone"": 9.0, ""atr_at_setup"": 18.928571428571427, ""atr_ratio_100"": 0.9299909808421863, ""dist_to_pdh_pct"": 0.0756377556605903, ""dist_to_pdl_pct"": 0.760842665315734, ""dist_to_d1_open_pct"": 0.1925357135087766, ""phase_reversal"": 0.0, ""phase_manipulation"": 0.0, ""vol_ratio_setup"": 0.9304481248836947, ""has_mss_nearby"": 1.0, ""po3_body_pct"": 0.5263157894736842, ""po3_upper_wick"": 0.0, ""po3_lower_wick"": 0.0, ""po3_aligned"": 1.0, ""po3_htf2_aligned"": 0.0, ""displacement_ratio"": 1.0566037735849056, ""fib_level"": 0.9773084700067486, ""mom_60"": 0.21361779504111245, ""mom_240"": 0.08986789797850012, ""body_ratio_recent"": 0.4279985262399487, ""mom_aligned"": 0.0, ""atr_regime"": 1.7645370909458282, ""dist_pdh_atr"": 2.0075471698113208, ""dist_pdl_atr"": 20.026339622641494}",49985.39,0.4304058089147202,NO_FILL,,,,,,,,,,,
DJ30,2026-05-15,bearish,2026-05-15 08:16:00+00:00,2026-05-15 08:20:00+00:00,4.0,8,Friday,london,0.7046631090709011,49802.14,49846.44,49735.689999999995,1.5,49822.44,49802.14,0.0407613006188146,False,95.46000000000058,bearish,0.8977668095799217,0.20946954999594897,False,range,"{""score"": 102.0, ""quality"": 36.0, ""ob_strength"": 6.0, ""sweep_strength"": 3.0, ""retest_count"": 0.0, ""is_unicorn"": 0.0, ""rr"": 1.5, ""risk_points"": 44.30000000000291, ""tp_source_htf"": 0.0, ""tp_source_capped"": 0.0, ""daily_bias_aligned"": 1.0, ""daily_bias_neutral"": 0.0, ""kz_london"": 1.0, ""kz_ny_am"": 0.0, ""kz_ny_pm"": 0.0, ""kz_asia"": 0.0, ""kz_ny_lunch"": 0.0, ""has_smt"": 0.0, ""has_feu_vert"": 0.0, ""has_breaker_kz"": 1.0, ""has_mss_fvg"": 1.0, ""has_po3_dist"": 0.0, ""has_phase_expansion"": 1.0, ""has_open_midnight_respect"": 1.0, ""has_FVG_sync"": 1.0, ""has_parent_ob"": 0.0, ""has_grandparent_ob"": 0.0, ""has_good_zone"": 0.0, ""has_session_direction"": 1.0, ""ob_group_size"": 2.0, ""bars_sweep_to_validation"": 10.0, ""bars_group_to_validation"": 11.0, ""is_bullish"": 0.0, ""hour_of_day"": 8.0, ""day_of_week"": 4.0, ""minutes_into_killzone"": 16.0, ""atr_at_setup"": 15.607142857143897, ""atr_ratio_100"": 1.5071356146147117, ""dist_to_pdh_pct"": 0.5960983848757704, ""dist_to_pdl_pct"": 0.8529606767307327, ""dist_to_d1_open_pct"": 0.7586924916149306, ""phase_reversal"": 0.0, ""phase_manipulation"": 0.0, ""vol_ratio_setup"": 1.5048533599384437, ""has_mss_nearby"": 1.0, ""po3_body_pct"": 0.9122994652406728, ""po3_upper_wick"": 0.0, ""po3_lower_wick"": 0.0, ""po3_aligned"": 0.0, ""po3_htf2_aligned"": 0.0, ""displacement_ratio"": 2.275322283609642, ""fib_level"": -0.6847560975609933, ""mom_60"": -0.30101274868099714, ""mom_240"": -0.4107113849275982, ""body_ratio_recent"": 0.5926561161800451, ""mom_aligned"": 1.0, ""atr_regime"": 0.819216561325481, ""dist_pdh_atr"": 19.135469107550307, ""dist_pdl_atr"": 26.98764302059298}",49960.44,-0.3178578269929825,INVALID_PRICE,,,,,,,,,,,
DJ30,2026-05-15,bearish,2026-05-15 13:31:00+00:00,2026-05-15 13:35:00+00:00,4.0,13,Friday,ny_morning,0.797457838203805,49745.14,49794.64,49670.89,1.5,49794.64,49745.14,0.09950720814133802,False,160.9,range,0.9502653785479367,0.21943757947062797,False,bearish,"{""score"": 156.0, ""quality"": 55.0, ""ob_strength"": 7.0, ""sweep_strength"": 8.0, ""retest_count"": 0.0, ""is_unicorn"": 0.0, ""rr"": 1.5, ""risk_points"": 49.5, ""tp_source_htf"": 0.0, ""tp_source_capped"": 0.0, ""daily_bias_aligned"": 1.0, ""daily_bias_neutral"": 0.0, ""kz_london"": 0.0, ""kz_ny_am"": 1.0, ""kz_ny_pm"": 0.0, ""kz_asia"": 0.0, ""kz_ny_lunch"": 0.0, ""has_smt"": 0.0, ""has_feu_vert"": 0.0, ""has_breaker_kz"": 0.0, ""has_mss_fvg"": 1.0, ""has_po3_dist"": 0.0, ""has_phase_expansion"": 1.0, ""has_open_midnight_respect"": 1.0, ""has_FVG_sync"": 1.0, ""has_parent_ob"": 1.0, ""has_grandparent_ob"": 1.0, ""has_good_zone"": 0.0, ""has_session_direction"": 1.0, ""ob_group_size"": 1.0, ""bars_sweep_to_validation"": 1.0, ""bars_group_to_validation"": 1.0, ""is_bullish"": 0.0, ""hour_of_day"": 13.0, ""day_of_week"": 4.0, ""minutes_into_killzone"": 31.0, ""atr_at_setup"": 25.800000000000832, ""atr_ratio_100"": 1.502095947834167, ""dist_to_pdh_pct"": 0.7098690459771222, ""dist_to_pdl_pct"": 0.7375315253213023, ""dist_to_d1_open_pct"": 0.6433712328894612, ""phase_reversal"": 0.0, ""phase_manipulation"": 0.0, ""vol_ratio_setup"": 1.5034740468266345, ""has_mss_nearby"": 1.0, ""po3_body_pct"": 0.7910990009082625, ""po3_upper_wick"": 0.0, ""po3_lower_wick"": 0.0, ""po3_aligned"": 0.0, ""po3_htf2_aligned"": 0.0, ""displacement_ratio"": 1.3592233009708188, ""fib_level"": 0.5015503875968992, ""mom_60"": 0.20004778583565563, ""mom_240"": -0.047627526218243975, ""body_ratio_recent"": 0.6143413505414133, ""mom_aligned"": 0.0, ""atr_regime"": 1.3476730158539734, ""dist_pdh_atr"": 13.784883720929844, ""dist_pdl_atr"": 14.116279069766874}",49913.44,-0.33832450768055516,INVALID_PRICE,,,,,,,,,,,
DJ30,2026-05-15,bearish,2026-05-15 13:32:00+00:00,2026-05-15 13:35:00+00:00,3.0,13,Friday,ny_morning,0.7954103563136455,49704.14,49794.64,49568.39,1.5,49732.14,49704.14,0.05633333561349215,False,160.9,range,0.9502653785479367,0.21943757947062797,False,bearish,"{""score"": 153.0, ""quality"": 48.0, ""ob_strength"": 6.0, ""sweep_strength"": 6.0, ""retest_count"": 0.0, ""is_unicorn"": 0.0, ""rr"": 1.5, ""risk_points"": 90.5, ""tp_source_htf"": 0.0, ""tp_source_capped"": 0.0, ""daily_bias_aligned"": 1.0, ""daily_bias_neutral"": 0.0, ""kz_london"": 0.0, ""kz_ny_am"": 1.0, ""kz_ny_pm"": 0.0, ""kz_asia"": 0.0, ""kz_ny_lunch"": 0.0, ""has_smt"": 0.0, ""has_feu_vert"": 0.0, ""has_breaker_kz"": 0.0, ""has_mss_fvg"": 1.0, ""has_po3_dist"": 0.0, ""has_phase_expansion"": 1.0, ""has_open_midnight_respect"": 1.0, ""has_FVG_sync"": 1.0, ""has_parent_ob"": 1.0, ""has_grandparent_ob"": 1.0, ""has_good_zone"": 0.0, ""has_session_direction"": 1.0, ""ob_group_size"": 2.0, ""bars_sweep_to_validation"": 8.0, ""bars_group_to_validation"": 9.0, ""is_bullish"": 0.0, ""hour_of_day"": 13.0, ""day_of_week"": 4.0, ""minutes_into_killzone"": 32.0, ""atr_at_setup"": 28.70714285714348, ""atr_ratio_100"": 1.6333149099420914, ""dist_to_pdh_pct"": 0.7917040829096735, ""dist_to_pdl_pct"": 0.6545035392197821, ""dist_to_d1_open_pct"": 0.5604208538062287, ""phase_reversal"": 0.0, ""phase_manipulation"": 0.0, ""vol_ratio_setup"": 1.6350284051544652, ""has_mss_nearby"": 1.0, ""po3_body_pct"": 0.7910990009082625, ""po3_upper_wick"": 0.0, ""po3_lower_wick"": 0.0, ""po3_aligned"": 0.0, ""po3_htf2_aligned"": 0.0, ""displacement_ratio"": 2.198404785643007, ""fib_level"": 0.34108527131782945, ""mom_60"": 0.054991384683072186, ""mom_240"": -0.21435111878426372, ""body_ratio_recent"": 0.6350187123952457, ""mom_aligned"": 0.0, ""atr_regime"": 1.3590094202414746, ""dist_pdh_atr"": 13.817118686240109, ""dist_pdl_atr"": 11.25852202040274}",49913.44,-0.4210916837108597,INVALID_PRICE,,,,,,,,,,,
DJ30,2026-05-15,bearish,2026-05-15 18:17:00+00:00,2026-05-15 18:20:00+00:00,3.0,18,Friday,ny_afternoon,0.7056351218374591,49645.44,49693.44,49573.44,1.5,49673.44,49645.44,0.056399943277771335,False,140.0,range,0.9368683693896694,0.20349183937280993,False,bearish,"{""score"": 117.0, ""quality"": 37.0, ""ob_strength"": 4.0, ""sweep_strength"": 4.0, ""retest_count"": 0.0, ""is_unicorn"": 0.0, ""rr"": 1.5, ""risk_points"": 48.0, ""tp_source_htf"": 0.0, ""tp_source_capped"": 0.0, ""daily_bias_aligned"": 1.0, ""daily_bias_neutral"": 0.0, ""kz_london"": 0.0, ""kz_ny_am"": 0.0, ""kz_ny_pm"": 1.0, ""kz_asia"": 0.0, ""kz_ny_lunch"": 0.0, ""has_smt"": 0.0, ""has_feu_vert"": 0.0, ""has_breaker_kz"": 1.0, ""has_mss_fvg"": 1.0, ""has_po3_dist"": 0.0, ""has_phase_expansion"": 0.0, ""has_open_midnight_respect"": 1.0, ""has_FVG_sync"": 1.0, ""has_parent_ob"": 1.0, ""has_grandparent_ob"": 1.0, ""has_good_zone"": 0.0, ""has_session_direction"": 1.0, ""ob_group_size"": 2.0, ""bars_sweep_to_validation"": 26.0, ""bars_group_to_validation"": 27.0, ""is_bullish"": 0.0, ""hour_of_day"": 18.0, ""day_of_week"": 4.0, ""minutes_into_killzone"": 17.0, ""atr_at_setup"": 14.200000000000207, ""atr_ratio_100"": 0.9963164357130423, ""dist_to_pdh_pct"": 0.9088679040789548, ""dist_to_pdl_pct"": 0.5356317639963921, ""dist_to_d1_open_pct"": 0.44166018911877747, ""phase_reversal"": 0.0, ""phase_manipulation"": 0.0, ""vol_ratio_setup"": 0.9931513727380555, ""has_mss_nearby"": 1.0, ""po3_body_pct"": 0.5970149253731343, ""po3_upper_wick"": 0.0, ""po3_lower_wick"": 0.0, ""po3_aligned"": 0.0, ""po3_htf2_aligned"": 0.0, ""displacement_ratio"": 0.49544994944387544, ""fib_level"": 0.616504854368932, ""mom_60"": -0.04027512745064081, ""mom_240"": -0.19302519541790358, ""body_ratio_recent"": 0.601516415352841, ""mom_aligned"": 1.0, ""atr_regime"": 1.5548998175891564, ""dist_pdh_atr"": 32.066901408450136, ""dist_pdl_atr"": 18.62676056338001}",49667.14,-0.043709956040266916,INVALID_PRICE,,,,,,,,,,,
AUDUSD,2026-05-15,bullish,2026-05-15 12:47:00+00:00,2026-05-15 12:50:00+00:00,3.0,12,Friday,ny_morning,0.7303732293097016,0.71451,0.71435,0.71478,1.687500000000607,0.71451,0.7144,0.01539516591789387,False,0.0019739999999999645,range,1.0317349363903177,0.1859359709212992,False,bearish,"{""score"": 137.0, ""quality"": 50.0, ""ob_strength"": 8.0, ""sweep_strength"": 5.0, ""retest_count"": 0.0, ""is_unicorn"": 0.0, ""rr"": 1.687500000000607, ""risk_points"": 0.00015999999999993797, ""tp_source_htf"": 1.0, ""tp_source_capped"": 0.0, ""daily_bias_aligned"": 0.0, ""daily_bias_neutral"": 0.0, ""kz_london"": 0.0, ""kz_ny_am"": 1.0, ""kz_ny_pm"": 0.0, ""kz_asia"": 0.0, ""kz_ny_lunch"": 0.0, ""has_smt"": 0.0, ""has_feu_vert"": 0.0, ""has_breaker_kz"": 0.0, ""has_mss_fvg"": 1.0, ""has_po3_dist"": 0.0, ""has_phase_expansion"": 1.0, ""has_open_midnight_respect"": 0.0, ""has_FVG_sync"": 1.0, ""has_parent_ob"": 1.0, ""has_grandparent_ob"": 1.0, ""has_good_zone"": 1.0, ""has_session_direction"": 1.0, ""ob_group_size"": 1.0, ""bars_sweep_to_validation"": 2.0, ""bars_group_to_validation"": 3.0, ""is_bullish"": 1.0, ""hour_of_day"": 12.0, ""day_of_week"": 4.0, ""minutes_into_killzone"": 47.0, ""atr_at_setup"": 0.00017785714285713437, ""atr_ratio_100"": 1.2001156737998495, ""dist_to_pdh_pct"": 1.0757600930387183, ""dist_to_pdl_pct"": 0.0756334299760473, ""dist_to_d1_open_pct"": 0.002799199428966116, ""phase_reversal"": 0.0, ""phase_manipulation"": 0.0, ""vol_ratio_setup"": 1.2033636187898389, ""has_mss_nearby"": 1.0, ""po3_body_pct"": 0.7927927927928252, ""po3_upper_wick"": 0.0, ""po3_lower_wick"": 0.0, ""po3_aligned"": 0.0, ""po3_htf2_aligned"": 1.0, ""displacement_ratio"": 2.0240963855424168, ""fib_level"": 0.12034739454096063, ""mom_60"": -0.04893941300669233, ""mom_240"": -0.16062125508051794, ""body_ratio_recent"": 0.571694131978804, ""mom_aligned"": 0.0, ""atr_regime"": 1.317598091284365, ""dist_pdh_atr"": 43.6867469879542, ""dist_pdl_atr"": 3.0361445783133134}",0.71671,0.30790331835803275,NO_FILL,,,,,,,,,,,
USDJPY,2026-05-12,bearish,2026-05-12 09:15:00+00:00,2026-05-12 09:20:00+00:00,5.0,9,Tuesday,london,0.7455605131802316,157.637,157.662,157.589,1.9199999999996362,157.651,157.637,0.008881163686196772,True,0.38939999999999486,range,0.11868419215413928,0.524241404916187,True,range,"{""score"": 100.0, ""quality"": 40.0, ""ob_strength"": 4.0, ""sweep_strength"": 7.0, ""retest_count"": 0.0, ""is_unicorn"": 0.0, ""rr"": 1.9199999999996362, ""risk_points"": 0.025000000000005684, ""tp_source_htf"": 1.0, ""tp_source_capped"": 0.0, ""daily_bias_aligned"": 0.0, ""daily_bias_neutral"": 0.0, ""kz_london"": 1.0, ""kz_ny_am"": 0.0, ""kz_ny_pm"": 0.0, ""kz_asia"": 0.0, ""kz_ny_lunch"": 0.0, ""has_smt"": 0.0, ""has_feu_vert"": 0.0, ""has_breaker_kz"": 0.0, ""has_mss_fvg"": 1.0, ""has_po3_dist"": 1.0, ""has_phase_expansion"": 0.0, ""has_open_midnight_respect"": 0.0, ""has_FVG_sync"": 1.0, ""has_parent_ob"": 1.0, ""has_grandparent_ob"": 0.0, ""has_good_zone"": 1.0, ""has_session_direction"": 1.0, ""ob_group_size"": 1.0, ""bars_sweep_to_validation"": 5.0, ""bars_group_to_validation"": 6.0, ""is_bullish"": 0.0, ""hour_of_day"": 9.0, ""day_of_week"": 1.0, ""minutes_into_killzone"": 15.0, ""atr_at_setup"": 0.01678571428571526, ""atr_ratio_100"": 0.7291795953829235, ""dist_to_pdh_pct"": 0.08113333122047724, ""dist_to_pdl_pct"": 0.5754936676555885, ""dist_to_d1_open_pct"": 0.020303924367888512, ""phase_reversal"": 0.0, ""phase_manipulation"": 0.0, ""vol_ratio_setup"": 0.7320416173447362, ""has_mss_nearby"": 1.0, ""po3_body_pct"": 0.5820895522392239, ""po3_upper_wick"": 0.0, ""po3_lower_wick"": 0.0, ""po3_aligned"": 1.0, ""po3_htf2_aligned"": 1.0, ""displacement_ratio"": 0.41702127659601845, ""fib_level"": 0.5, ""mom_60"": 0.019669925952250245, ""mom_240"": -0.010149193139139813, ""body_ratio_recent"": 0.47886826416938366, ""mom_aligned"": 0.0, ""atr_regime"": 1.8153843325343684, ""dist_pdh_atr"": 7.625531914892334, ""dist_pdl_atr"": 53.73617021276205}",157.563,0.04694329376987146,WIN,2026-05-12 09:34:52.223000+00:00,892.223,157.637,0.025000000000005684,0.04800000000000182,1.959999999999818,0.7600000000000455,1381.0,2026-05-12 09:52:06.027000+00:00,1033.804,1.9199999999996362
USDJPY,2026-05-12,bearish,2026-05-12 09:23:00+00:00,2026-05-12 09:25:00+00:00,2.0,9,Tuesday,london,0.7090497657521446,157.63,157.665,157.542,2.514285714285784,157.665,157.63,0.022203895197612504,True,0.38939999999999486,range,0.11868419215413928,0.524241404916187,True,range,"{""score"": 112.0, ""quality"": 42.0, ""ob_strength"": 6.0, ""sweep_strength"": 5.0, ""retest_count"": 0.0, ""is_unicorn"": 0.0, ""rr"": 2.514285714285784, ""risk_points"": 0.03499999999999659, ""tp_source_htf"": 1.0, ""tp_source_capped"": 0.0, ""daily_bias_aligned"": 0.0, ""daily_bias_neutral"": 0.0, ""kz_london"": 1.0, ""kz_ny_am"": 0.0, ""kz_ny_pm"": 0.0, ""kz_asia"": 0.0, ""kz_ny_lunch"": 0.0, ""has_smt"": 0.0, ""has_feu_vert"": 0.0, ""has_breaker_kz"": 0.0, ""has_mss_fvg"": 1.0, ""has_po3_dist"": 1.0, ""has_phase_expansion"": 0.0, ""has_open_midnight_respect"": 0.0, ""has_FVG_sync"": 1.0, ""has_parent_ob"": 1.0, ""has_grandparent_ob"": 0.0, ""has_good_zone"": 1.0, ""has_session_direction"": 1.0, ""ob_group_size"": 1.0, ""bars_sweep_to_validation"": 7.0, ""bars_group_to_validation"": 7.0, ""is_bullish"": 0.0, ""hour_of_day"": 9.0, ""day_of_week"": 1.0, ""minutes_into_killzone"": 23.0, ""atr_at_setup"": 0.016285714285716932, ""atr_ratio_100"": 0.7267163893671054, ""dist_to_pdh_pct"": 0.08557031027160074, ""dist_to_pdl_pct"": 0.5710275305451761, ""dist_to_d1_open_pct"": 0.015862440912411208, ""phase_reversal"": 0.0, ""phase_manipulation"": 0.0, ""vol_ratio_setup"": 0.7296466973887424, ""has_mss_nearby"": 1.0, ""po3_body_pct"": 0.5820895522392239, ""po3_upper_wick"": 0.0, ""po3_lower_wick"": 0.0, ""po3_aligned"": 1.0, ""po3_htf2_aligned"": 1.0, ""displacement_ratio"": 0.61403508771864, ""fib_level"": 0.5, ""mom_60"": 0.030460911669703335, ""mom_240"": -0.015223500009515264, ""body_ratio_recent"": 0.41374772401090976, ""mom_aligned"": 0.0, ""atr_regime"": 1.8267161371645952, ""dist_pdh_atr"": 8.289473684208621, ""dist_pdl_atr"": 54.956140350867145}",157.564,0.04187020237264639,LOSS,2026-05-12 09:34:40.332000+00:00,580.332,157.63,0.03499999999999659,0.08799999999999386,2.2000000000001623,1.0,11780.0,2026-05-12 12:24:18.269000+00:00,10177.937,-1.0
USDJPY,2026-05-14,bullish,2026-05-14 19:16:00+00:00,2026-05-14 19:20:00+00:00,4.0,19,Thursday,ny_afternoon,0.7220560718643045,158.2,158.17,158.29,3.0,158.2,158.189,0.00695322376738033,True,0.10940000000001078,range,0.015787213619948524,0.6580110636793058,True,range,"{""score"": 138.0, ""quality"": 54.0, ""ob_strength"": 4.0, ""sweep_strength"": 3.0, ""retest_count"": 0.0, ""is_unicorn"": 1.0, ""rr"": 3.0, ""risk_points"": 0.030000000000001137, ""tp_source_htf"": 1.0, ""tp_source_capped"": 1.0, ""daily_bias_aligned"": 1.0, ""daily_bias_neutral"": 0.0, ""kz_london"": 0.0, ""kz_ny_am"": 0.0, ""kz_ny_pm"": 1.0, ""kz_asia"": 0.0, ""kz_ny_lunch"": 0.0, ""has_smt"": 0.0, ""has_feu_vert"": 0.0, ""has_breaker_kz"": 1.0, ""has_mss_fvg"": 1.0, ""has_po3_dist"": 0.0, ""has_phase_expansion"": 0.0, ""has_open_midnight_respect"": 1.0, ""has_FVG_sync"": 1.0, ""has_parent_ob"": 1.0, ""has_grandparent_ob"": 1.0, ""has_good_zone"": 0.0, ""has_session_direction"": 1.0, ""ob_group_size"": 3.0, ""bars_sweep_to_validation"": 18.0, ""bars_group_to_validation"": 21.0, ""is_bullish"": 1.0, ""hour_of_day"": 19.0, ""day_of_week"": 3.0, ""minutes_into_killzone"": 16.0, ""atr_at_setup"": 0.005928571428573345, ""atr_ratio_100"": 0.8457305889543559, ""dist_to_pdh_pct"": 0.13698024833194225, ""dist_to_pdl_pct"": 0.5632048005899002, ""dist_to_d1_open_pct"": -0.11995706799671553, ""phase_reversal"": 0.0, ""phase_manipulation"": 0.0, ""vol_ratio_setup"": 0.8505841360932478, ""has_mss_nearby"": 1.0, ""po3_body_pct"": 0.8807339449543198, ""po3_upper_wick"": 0.0, ""po3_lower_wick"": 0.0, ""po3_aligned"": 0.0, ""po3_htf2_aligned"": 0.0, ""displacement_ratio"": 1.1807228915667272, ""fib_level"": 0.8750000000000523, ""mom_60"": 0.0037927873826607843, ""mom_240"": 0.027820456887765143, ""body_ratio_recent"": 0.46281746031793614, ""mom_aligned"": 1.0, ""atr_regime"": 0.5601599431441858, ""dist_pdh_atr"": 36.60240963854457, ""dist_pdl_atr"": 149.4457831324811}",157.983,-0.13716814159291058,INVALID_PRICE,,,,,,,,,,,
USDJPY,2026-05-15,bearish,2026-05-15 20:32:00+00:00,2026-05-15 20:35:00+00:00,3.0,20,Friday,ny_afternoon,0.7549662622188417,158.767,158.845,158.64999999999998,1.5,158.774,158.767,0.004408976676516532,True,0.08340000000000032,range,0.04786828663025742,0.29917679143913123,True,range,"{""score"": 81.0, ""quality"": 45.0, ""ob_strength"": 6.0, ""sweep_strength"": 5.0, ""retest_count"": 0.0, ""is_unicorn"": 0.0, ""rr"": 1.5, ""risk_points"": 0.07800000000000296, ""tp_source_htf"": 0.0, ""tp_source_capped"": 0.0, ""daily_bias_aligned"": 0.0, ""daily_bias_neutral"": 0.0, ""kz_london"": 0.0, ""kz_ny_am"": 0.0, ""kz_ny_pm"": 0.0, ""kz_asia"": 0.0, ""kz_ny_lunch"": 0.0, ""has_smt"": 0.0, ""has_feu_vert"": 0.0, ""has_breaker_kz"": 0.0, ""has_mss_fvg"": 1.0, ""has_po3_dist"": 0.0, ""has_phase_expansion"": 1.0, ""has_open_midnight_respect"": 0.0, ""has_FVG_sync"": 1.0, ""has_parent_ob"": 0.0, ""has_grandparent_ob"": 0.0, ""has_good_zone"": 1.0, ""has_session_direction"": 1.0, ""ob_group_size"": 1.0, ""bars_sweep_to_validation"": 18.0, ""bars_group_to_validation"": 18.0, ""is_bullish"": 0.0, ""hour_of_day"": 20.0, ""day_of_week"": 4.0, ""minutes_into_killzone"": 32.0, ""atr_at_setup"": 0.015285714285714189, ""atr_ratio_100"": 1.5922619047617401, ""dist_to_pdh_pct"": 0.049104472913848694, ""dist_to_pdl_pct"": 0.33113629038883297, ""dist_to_d1_open_pct"": -0.001259691753433951, ""phase_reversal"": 0.0, ""phase_manipulation"": 0.0, ""vol_ratio_setup"": 1.593922240428814, ""has_mss_nearby"": 1.0, ""po3_body_pct"": 0.9142857142857027, ""po3_upper_wick"": 0.0, ""po3_lower_wick"": 0.0, ""po3_aligned"": 0.0, ""po3_htf2_aligned"": 1.0, ""displacement_ratio"": 1.7009345794399473, ""fib_level"": 1.3421052631576849, ""mom_60"": 0.02709139249756048, ""mom_240"": 0.04537062126242134, ""body_ratio_recent"": 0.3963238199709551, ""mom_aligned"": 0.0, ""atr_regime"": 0.5061987393681714, ""dist_pdh_atr"": 5.1028037383179825, ""dist_pdl_atr"": 34.280373831775975}",158.672,0.05983611203839518,NO_FILL,,,,,,,,,,,
GBPUSD,2026-05-14,bearish,2026-05-14 07:00:00+00:00,2026-05-14 07:05:00+00:00,5.0,7,Thursday,london,0.8911167419205821,1.3526799999999999,1.35324,1.3518399999999997,1.5,1.3529,1.3526799999999999,0.016264009226136928,False,0.0013679999999999027,range,0.1984317964741347,0.15918968746991125,False,range,"{""score"": 143.0, ""quality"": 40.0, ""ob_strength"": 4.0, ""sweep_strength"": 6.0, ""retest_count"": 0.0, ""is_unicorn"": 0.0, ""rr"": 1.5, ""risk_points"": 0.000560000000000116, ""tp_source_htf"": 0.0, ""tp_source_capped"": 0.0, ""daily_bias_aligned"": 1.0, ""daily_bias_neutral"": 0.0, ""kz_london"": 1.0, ""kz_ny_am"": 0.0, ""kz_ny_pm"": 0.0, ""kz_asia"": 0.0, ""kz_ny_lunch"": 0.0, ""has_smt"": 0.0, ""has_feu_vert"": 0.0, ""has_breaker_kz"": 0.0, ""has_mss_fvg"": 1.0, ""has_po3_dist"": 0.0, ""has_phase_expansion"": 0.0, ""has_open_midnight_respect"": 0.0, ""has_FVG_sync"": 1.0, ""has_parent_ob"": 1.0, ""has_grandparent_ob"": 1.0, ""has_good_zone"": 1.0, ""has_session_direction"": 1.0, ""ob_group_size"": 1.0, ""bars_sweep_to_validation"": 11.0, ""bars_group_to_validation"": 12.0, ""is_bullish"": 0.0, ""hour_of_day"": 7.0, ""day_of_week"": 3.0, ""minutes_into_killzone"": 0.0, ""atr_at_setup"": 0.00019642857142855772, ""atr_ratio_100"": 1.1308495764453743, ""dist_to_pdh_pct"": 0.04359809941845238, ""dist_to_pdl_pct"": 0.983195347552456, ""dist_to_d1_open_pct"": 0.9477753399304418, ""phase_reversal"": 0.0, ""phase_manipulation"": 0.0, ""vol_ratio_setup"": 1.136739417989312, ""has_mss_nearby"": 1.0, ""po3_body_pct"": 0.8602150537634614, ""po3_upper_wick"": 0.0, ""po3_lower_wick"": 0.0, ""po3_aligned"": 0.0, ""po3_htf2_aligned"": 0.0, ""displacement_ratio"": 0.5090909090908885, ""fib_level"": 0.730337078651649, ""mom_60"": 0.049558045785713115, ""mom_240"": 0.016267376515815363, ""body_ratio_recent"": 0.48835563852958774, ""mom_aligned"": 0.0, ""atr_regime"": 0.7354121129955177, ""dist_pdh_atr"": 3.0036363636370336, ""dist_pdl_atr"": 67.04727272727692}",1.35282,-0.010349824052993242,INVALID_PRICE,,,,,,,,,,,
GBPUSD,2026-05-14,bearish,2026-05-14 12:31:00+00:00,2026-05-14 12:35:00+00:00,4.0,12,Thursday,ny_morning,0.7098440858155162,1.3511199999999999,1.35182,1.3500699999999997,1.5,1.35182,1.3511199999999999,0.05180886967849969,False,0.0016559999999999687,range,0.18656302054413143,0.08661854525264595,False,range,"{""score"": 163.0, ""quality"": 29.0, ""ob_strength"": 2.0, ""sweep_strength"": 6.0, ""retest_count"": 0.0, ""is_unicorn"": 0.0, ""rr"": 1.5, ""risk_points"": 0.000700000000000145, ""tp_source_htf"": 0.0, ""tp_source_capped"": 0.0, ""daily_bias_aligned"": 1.0, ""daily_bias_neutral"": 0.0, ""kz_london"": 0.0, ""kz_ny_am"": 1.0, ""kz_ny_pm"": 0.0, ""kz_asia"": 0.0, ""kz_ny_lunch"": 0.0, ""has_smt"": 0.0, ""has_feu_vert"": 0.0, ""has_breaker_kz"": 0.0, ""has_mss_fvg"": 1.0, ""has_po3_dist"": 0.0, ""has_phase_expansion"": 1.0, ""has_open_midnight_respect"": 1.0, ""has_FVG_sync"": 1.0, ""has_parent_ob"": 1.0, ""has_grandparent_ob"": 1.0, ""has_good_zone"": 1.0, ""has_session_direction"": 1.0, ""ob_group_size"": 5.0, ""bars_sweep_to_validation"": 14.0, ""bars_group_to_validation"": 18.0, ""is_bullish"": 0.0, ""hour_of_day"": 12.0, ""day_of_week"": 3.0, ""minutes_into_killzone"": 31.0, ""atr_at_setup"": 0.00016857142857143855, ""atr_ratio_100"": 0.8312200619893388, ""dist_to_pdh_pct"": 0.1588744300841736, ""dist_to_pdl_pct"": 0.8667348508036444, ""dist_to_d1_open_pct"": 0.8313556918759927, ""phase_reversal"": 0.0, ""phase_manipulation"": 0.0, ""vol_ratio_setup"": 0.8328627893845763, ""has_mss_nearby"": 0.0, ""po3_body_pct"": 0.7204301075269895, ""po3_upper_wick"": 0.0, ""po3_lower_wick"": 0.0, ""po3_aligned"": 0.0, ""po3_htf2_aligned"": 0.0, ""displacement_ratio"": 2.076271186440985, ""fib_level"": 0.8709677419354575, ""mom_60"": -0.01406167896446188, ""mom_240"": -0.07396449704141198, ""body_ratio_recent"": 0.49424296678588453, ""mom_aligned"": 1.0, ""atr_regime"": 1.0273888422680222, ""dist_pdh_atr"": 12.75423728813541, ""dist_pdl_atr"": 68.87288135592752}",1.35223,-0.08215406477590195,INVALID_PRICE,,,,,,,,,,,
GBPUSD,2026-05-14,bearish,2026-05-14 14:38:00+00:00,2026-05-14 14:40:00+00:00,2.0,14,Thursday,ny_morning,0.8298300320305257,1.3507,1.351,1.35023,1.5666666666667406,1.35094,1.3507,0.017768564448065297,False,0.0021059999999999855,range,0.3619130963593616,0.00444975118474247,False,range,"{""score"": 153.0, ""quality"": 36.0, ""ob_strength"": 6.0, ""sweep_strength"": 3.0, ""retest_count"": 0.0, ""is_unicorn"": 0.0, ""rr"": 1.5666666666667406, ""risk_points"": 0.00029999999999996696, ""tp_source_htf"": 1.0, ""tp_source_capped"": 0.0, ""daily_bias_aligned"": 1.0, ""daily_bias_neutral"": 0.0, ""kz_london"": 0.0, ""kz_ny_am"": 1.0, ""kz_ny_pm"": 0.0, ""kz_asia"": 0.0, ""kz_ny_lunch"": 0.0, ""has_smt"": 0.0, ""has_feu_vert"": 0.0, ""has_breaker_kz"": 0.0, ""has_mss_fvg"": 1.0, ""has_po3_dist"": 1.0, ""has_phase_expansion"": 0.0, ""has_open_midnight_respect"": 1.0, ""has_FVG_sync"": 1.0, ""has_parent_ob"": 1.0, ""has_grandparent_ob"": 1.0, ""has_good_zone"": 1.0, ""has_session_direction"": 1.0, ""ob_group_size"": 2.0, ""bars_sweep_to_validation"": 1.0, ""bars_group_to_validation"": 3.0, ""is_bullish"": 0.0, ""hour_of_day"": 14.0, ""day_of_week"": 3.0, ""minutes_into_killzone"": 38.0, ""atr_at_setup"": 0.0001949999999999928, ""atr_ratio_100"": 0.7843925985518653, ""dist_to_pdh_pct"": 0.18991036526339616, ""dist_to_pdl_pct"": 0.8353801016789746, ""dist_to_d1_open_pct"": 0.8000119404767282, ""phase_reversal"": 0.0, ""phase_manipulation"": 0.0, ""vol_ratio_setup"": 0.7824636096887594, ""has_mss_nearby"": 1.0, ""po3_body_pct"": 0.8550724637681486, ""po3_upper_wick"": 0.0, ""po3_lower_wick"": 0.0, ""po3_aligned"": 0.0, ""po3_htf2_aligned"": 1.0, ""displacement_ratio"": 0.36029411764712604, ""fib_level"": 0.6551724137931298, ""mom_60"": 0.08299185642407265, ""mom_240"": -0.06954771787303567, ""body_ratio_recent"": 0.4891259063434326, ""mom_aligned"": 0.0, ""atr_regime"": 1.2561266651241094, ""dist_pdh_atr"": 13.179487179487468, ""dist_pdl_atr"": 57.384615384617675}",1.3515,-0.059228548160206694,INVALID_PRICE,,,,,,,,,,,
GBPUSD,2026-05-14,bearish,2026-05-14 16:01:00+00:00,2026-05-14 16:05:00+00:00,4.0,16,Thursday,ny_afternoon,0.8762240141643511,1.3476,1.34799,1.3470149999999999,1.5,1.3477299999999999,1.3476,0.00964677945977764,False,0.0026739999999999763,range,0.6672617719259035,0.08257085471994097,False,range,"{""score"": 115.0, ""quality"": 28.0, ""ob_strength"": 4.0, ""sweep_strength"": 3.0, ""retest_count"": 0.0, ""is_unicorn"": 0.0, ""rr"": 1.5, ""risk_points"": 0.0003900000000001125, ""tp_source_htf"": 0.0, ""tp_source_capped"": 0.0, ""daily_bias_aligned"": 1.0, ""daily_bias_neutral"": 0.0, ""kz_london"": 0.0, ""kz_ny_am"": 0.0, ""kz_ny_pm"": 0.0, ""kz_asia"": 0.0, ""kz_ny_lunch"": 1.0, ""has_smt"": 0.0, ""has_feu_vert"": 0.0, ""has_breaker_kz"": 0.0, ""has_mss_fvg"": 1.0, ""has_po3_dist"": 0.0, ""has_phase_expansion"": 1.0, ""has_open_midnight_respect"": 1.0, ""has_FVG_sync"": 1.0, ""has_parent_ob"": 1.0, ""has_grandparent_ob"": 1.0, ""has_good_zone"": 0.0, ""has_session_direction"": 1.0, ""ob_group_size"": 1.0, ""bars_sweep_to_validation"": 11.0, ""bars_group_to_validation"": 12.0, ""is_bullish"": 0.0, ""hour_of_day"": 16.0, ""day_of_week"": 3.0, ""minutes_into_killzone"": 1.0, ""atr_at_setup"": 0.00013142857142856013, ""atr_ratio_100"": 0.6132924471701596, ""dist_to_pdh_pct"": 0.41898512491964385, ""dist_to_pdl_pct"": 0.6039521914729962, ""dist_to_d1_open_pct"": 0.5686652039582651, ""phase_reversal"": 0.0, ""phase_manipulation"": 0.0, ""vol_ratio_setup"": 0.6116719032021011, ""has_mss_nearby"": 1.0, ""po3_body_pct"": 0.847715736040628, ""po3_upper_wick"": 0.0, ""po3_lower_wick"": 0.0, ""po3_aligned"": 0.0, ""po3_htf2_aligned"": 0.0, ""displacement_ratio"": 1.7595628415296924, ""fib_level"": -0.5317796610170644, ""mom_60"": -0.07489248109149899, ""mom_240"": -0.21990877858073074, ""body_ratio_recent"": 0.40621838687639594, ""mom_aligned"": 1.0, ""atr_regime"": 1.3315448268731844, ""dist_pdh_atr"": 43.141304347830285, ""dist_pdl_atr"": 61.55434782609172}",1.35155,-0.29311368358564266,INVALID_PRICE,,,,,,,,,,,
GBPUSD,2026-05-15,bearish,2026-05-15 12:30:00+00:00,2026-05-15 12:35:00+00:00,5.0,12,Friday,ny_morning,0.72541872033126,1.33542,1.33626,1.3341600000000002,1.5,1.3360699999999999,1.33542,0.04867382546313649,False,0.002822000000000058,range,0.6942000224660119,0.1894634365522255,False,range,"{""score"": 169.0, ""quality"": 60.0, ""ob_strength"": 4.0, ""sweep_strength"": 5.0, ""retest_count"": 0.0, ""is_unicorn"": 1.0, ""rr"": 1.5, ""risk_points"": 0.0008399999999999519, ""tp_source_htf"": 0.0, ""tp_source_capped"": 0.0, ""daily_bias_aligned"": 1.0, ""daily_bias_neutral"": 0.0, ""kz_london"": 0.0, ""kz_ny_am"": 1.0, ""kz_ny_pm"": 0.0, ""kz_asia"": 0.0, ""kz_ny_lunch"": 0.0, ""has_smt"": 0.0, ""has_feu_vert"": 0.0, ""has_breaker_kz"": 1.0, ""has_mss_fvg"": 1.0, ""has_po3_dist"": 0.0, ""has_phase_expansion"": 1.0, ""has_open_midnight_respect"": 1.0, ""has_FVG_sync"": 1.0, ""has_parent_ob"": 1.0, ""has_grandparent_ob"": 1.0, ""has_good_zone"": 0.0, ""has_session_direction"": 1.0, ""ob_group_size"": 1.0, ""bars_sweep_to_validation"": 9.0, ""bars_group_to_validation"": 10.0, ""is_bullish"": 0.0, ""hour_of_day"": 12.0, ""day_of_week"": 4.0, ""minutes_into_killzone"": 30.0, ""atr_at_setup"": 0.00021857142857143304, ""atr_ratio_100"": 0.8976239366383498, ""dist_to_pdh_pct"": 0.3700443157910499, ""dist_to_pdl_pct"": 0.29289834174477397, ""dist_to_d1_open_pct"": 0.24622036722868257, ""phase_reversal"": 0.0, ""phase_manipulation"": 0.0, ""vol_ratio_setup"": 0.895794172932342, ""has_mss_nearby"": 1.0, ""po3_body_pct"": 0.8794326241134651, ""po3_upper_wick"": 0.0, ""po3_lower_wick"": 0.0, ""po3_aligned"": 0.0, ""po3_htf2_aligned"": 0.0, ""displacement_ratio"": 1.3770491803277185, ""fib_level"": 0.44861963190184506, ""mom_60"": -0.14733157831758012, ""mom_240"": 0.03971167823051816, ""body_ratio_recent"": 0.49203433127926754, ""mom_aligned"": 1.0, ""atr_regime"": 1.366542323342503, ""dist_pdh_atr"": 22.69281045751622, ""dist_pdl_atr"": 17.843137254901663}",1.33475,0.050171481631243235,LOSS,2026-05-15 12:43:37.529000+00:00,517.529,1.33542,0.0008399999999999519,0.0012599999999998168,0.9880952380954238,1.0,4800.0,2026-05-15 13:10:35.886000+00:00,1618.357,-1.0
NAS100,2026-05-12,bearish,2026-05-12 13:47:00+00:00,2026-05-12 13:50:00+00:00,3.0,13,Tuesday,ny_morning,0.8102158759114397,29151.05,29214.05,29025.05,2.0,29204.55,29151.05,0.1835268369406934,False,103.28999999999942,range,1.1775519794268339,0.0762542796208211,False,range,"{""score"": 92.0, ""quality"": 40.0, ""ob_strength"": 4.0, ""sweep_strength"": 6.0, ""retest_count"": 0.0, ""is_unicorn"": 0.0, ""rr"": 2.0, ""risk_points"": 63.0, ""tp_source_htf"": 1.0, ""tp_source_capped"": 1.0, ""daily_bias_aligned"": 0.0, ""daily_bias_neutral"": 1.0, ""kz_london"": 0.0, ""kz_ny_am"": 1.0, ""kz_ny_pm"": 0.0, ""kz_asia"": 0.0, ""kz_ny_lunch"": 0.0, ""has_smt"": 0.0, ""has_feu_vert"": 1.0, ""has_breaker_kz"": 0.0, ""has_mss_fvg"": 0.0, ""has_po3_dist"": 0.0, ""has_phase_expansion"": 1.0, ""has_open_midnight_respect"": 1.0, ""has_FVG_sync"": 1.0, ""has_parent_ob"": 0.0, ""has_grandparent_ob"": 0.0, ""has_good_zone"": 1.0, ""has_session_direction"": 1.0, ""ob_group_size"": 3.0, ""bars_sweep_to_validation"": 2.0, ""bars_group_to_validation"": 5.0, ""is_bullish"": 0.0, ""hour_of_day"": 13.0, ""day_of_week"": 1.0, ""minutes_into_killzone"": 47.0, ""atr_at_setup"": 32.89642857142852, ""atr_ratio_100"": 2.0074343285000604, ""dist_to_pdh_pct"": 0.7507264683001068, ""dist_to_pdl_pct"": 1.7021145951407364, ""dist_to_d1_open_pct"": 0.33265185307560236, ""phase_reversal"": 0.0, ""phase_manipulation"": 0.0, ""vol_ratio_setup"": 2.0089053984616503, ""has_mss_nearby"": 1.0, ""po3_body_pct"": 0.868421052631579, ""po3_upper_wick"": 0.0, ""po3_lower_wick"": 0.0, ""po3_aligned"": 0.0, ""po3_htf2_aligned"": 1.0, ""displacement_ratio"": 1.6004776897187505, ""fib_level"": 1.1268022181145865, ""mom_60"": 0.03726019117741237, ""mom_240"": 0.003432957767753541, ""body_ratio_recent"": 0.5022627267882884, ""mom_aligned"": 0.0, ""atr_regime"": 1.276801391747316, ""dist_pdh_atr"": 6.702855281728378, ""dist_pdl_atr"": 14.830789273694549}",29162.05,-0.03773448983827341,INVALID_PRICE,,,,,,,,,,,
NAS100,2026-05-12,bearish,2026-05-12 14:28:00+00:00,2026-05-12 14:30:00+00:00,2.0,14,Tuesday,ny_morning,0.7648720828559809,29038.65,29146.8,28822.350000000006,2.0,29089.3,29038.65,0.17442270904466226,False,134.2,range,1.5640336204155523,0.04665662109293999,False,range,"{""score"": 94.0, ""quality"": 65.0, ""ob_strength"": 6.0, ""sweep_strength"": 5.0, ""retest_count"": 0.0, ""is_unicorn"": 1.0, ""rr"": 2.0, ""risk_points"": 108.14999999999782, ""tp_source_htf"": 1.0, ""tp_source_capped"": 1.0, ""daily_bias_aligned"": 1.0, ""daily_bias_neutral"": 1.0, ""kz_london"": 0.0, ""kz_ny_am"": 1.0, ""kz_ny_pm"": 0.0, ""kz_asia"": 0.0, ""kz_ny_lunch"": 0.0, ""has_smt"": 0.0, ""has_feu_vert"": 1.0, ""has_breaker_kz"": 0.0, ""has_mss_fvg"": 1.0, ""has_po3_dist"": 1.0, ""has_phase_expansion"": 0.0, ""has_open_midnight_respect"": 1.0, ""has_FVG_sync"": 1.0, ""has_parent_ob"": 0.0, ""has_grandparent_ob"": 0.0, ""has_good_zone"": 0.0, ""has_session_direction"": 1.0, ""ob_group_size"": 2.0, ""bars_sweep_to_validation"": 16.0, ""bars_group_to_validation"": 17.0, ""is_bullish"": 0.0, ""hour_of_day"": 14.0, ""day_of_week"": 1.0, ""minutes_into_killzone"": 28.0, ""atr_at_setup"": 24.149999999999377, ""atr_ratio_100"": 1.068239020139499, ""dist_to_pdh_pct"": 1.1334097110979768, ""dist_to_pdl_pct"": 1.3099737398201357, ""dist_to_d1_open_pct"": -0.05420865686436478, ""phase_reversal"": 0.0, ""phase_manipulation"": 0.0, ""vol_ratio_setup"": 1.0691848959370838, ""has_mss_nearby"": 1.0, ""po3_body_pct"": 0.735438596491223, ""po3_upper_wick"": 0.0, ""po3_lower_wick"": 0.0, ""po3_aligned"": 0.0, ""po3_htf2_aligned"": 1.0, ""displacement_ratio"": 1.4906832298137032, ""fib_level"": 0.20447919427509959, ""mom_60"": -0.3642743353109281, ""mom_240"": -0.3805205081158903, ""body_ratio_recent"": 0.4470140275789999, ""mom_aligned"": 1.0, ""atr_regime"": 1.6959691903411267, ""dist_pdh_atr"": 13.78467908902718, ""dist_pdl_atr"": 15.547826086957055}",29142.4,-0.3572824494251627,INVALID_PRICE,,,,,,,,,,,
NAS100,2026-05-12,bullish,2026-05-12 17:03:00+00:00,2026-05-12 17:05:00+00:00,2.0,17,Tuesday,ny_afternoon,0.939010047040156,28705.55,28663.17,28790.31,2.0,28705.55,28669.55,0.12541128806101956,False,191.39600000000064,range,1.8385093598416162,0.6176212584037509,True,range,"{""score"": 69.0, ""quality"": 46.0, ""ob_strength"": 4.0, ""sweep_strength"": 8.0, ""retest_count"": 0.0, ""is_unicorn"": 0.0, ""rr"": 2.0, ""risk_points"": 42.38000000000102, ""tp_source_htf"": 1.0, ""tp_source_capped"": 1.0, ""daily_bias_aligned"": 0.0, ""daily_bias_neutral"": 1.0, ""kz_london"": 0.0, ""kz_ny_am"": 0.0, ""kz_ny_pm"": 0.0, ""kz_asia"": 0.0, ""kz_ny_lunch"": 1.0, ""has_smt"": 0.0, ""has_feu_vert"": 1.0, ""has_breaker_kz"": 1.0, ""has_mss_fvg"": 1.0, ""has_po3_dist"": 0.0, ""has_phase_expansion"": 0.0, ""has_open_midnight_respect"": 0.0, ""has_FVG_sync"": 1.0, ""has_parent_ob"": 0.0, ""has_grandparent_ob"": 0.0, ""has_good_zone"": 1.0, ""has_session_direction"": 1.0, ""ob_group_size"": 2.0, ""bars_sweep_to_validation"": 9.0, ""bars_group_to_validation"": 11.0, ""is_bullish"": 1.0, ""hour_of_day"": 17.0, ""day_of_week"": 1.0, ""minutes_into_killzone"": 3.0, ""atr_at_setup"": 18.567857142857196, ""atr_ratio_100"": 0.9293314819396326, ""dist_to_pdh_pct"": 2.2675003532329754, ""dist_to_pdl_pct"": 0.14785524420362792, ""dist_to_d1_open_pct"": -1.2006787268021442, ""phase_reversal"": 0.0, ""phase_manipulation"": 0.0, ""vol_ratio_setup"": 0.9277181569332759, ""has_mss_nearby"": 1.0, ""po3_body_pct"": 0.9597855227882037, ""po3_upper_wick"": 0.0, ""po3_lower_wick"": 0.0, ""po3_aligned"": 0.0, ""po3_htf2_aligned"": 0.0, ""displacement_ratio"": 1.1747685185185153, ""fib_level"": -1.7908825868009863, ""mom_60"": -0.3358086567480186, ""mom_240"": -1.433141790071331, ""body_ratio_recent"": 0.4171947039903571, ""mom_aligned"": 0.0, ""atr_regime"": 2.4681861068632016, ""dist_pdh_atr"": 35.868436237737924, ""dist_pdl_atr"": 2.282438930563618}",29137.85,1.5059805507994073,NO_FILL,,,,,,,,,,,
NAS100,2026-05-12,bullish,2026-05-12 17:00:00+00:00,2026-05-12 17:05:00+00:00,5.0,17,Tuesday,ny_afternoon,0.7878842668183749,28682.8,28663.17,28721.77,1.9852266938359215,28682.8,28663.17,0.06843822778808561,False,191.39600000000064,range,1.8385093598416162,0.6176212584037509,True,range,"{""score"": 54.0, ""quality"": 36.0, ""ob_strength"": 6.0, ""sweep_strength"": 3.0, ""retest_count"": 0.0, ""is_unicorn"": 0.0, ""rr"": 1.9852266938359215, ""risk_points"": 19.63000000000102, ""tp_source_htf"": 1.0, ""tp_source_capped"": 0.0, ""daily_bias_aligned"": 0.0, ""daily_bias_neutral"": 1.0, ""kz_london"": 0.0, ""kz_ny_am"": 0.0, ""kz_ny_pm"": 0.0, ""kz_asia"": 0.0, ""kz_ny_lunch"": 1.0, ""has_smt"": 0.0, ""has_feu_vert"": 1.0, ""has_breaker_kz"": 0.0, ""has_mss_fvg"": 1.0, ""has_po3_dist"": 0.0, ""has_phase_expansion"": 0.0, ""has_open_midnight_respect"": 0.0, ""has_FVG_sync"": 1.0, ""has_parent_ob"": 0.0, ""has_grandparent_ob"": 0.0, ""has_good_zone"": 1.0, ""has_session_direction"": 1.0, ""ob_group_size"": 1.0, ""bars_sweep_to_validation"": 2.0, ""bars_group_to_validation"": 2.0, ""is_bullish"": 1.0, ""hour_of_day"": 17.0, ""day_of_week"": 1.0, ""minutes_into_killzone"": 0.0, ""atr_at_setup"": 18.089285714285715, ""atr_ratio_100"": 0.9008922479511723, ""dist_to_pdh_pct"": 2.3449562586925103, ""dist_to_pdl_pct"": 0.06848509777530196, ""dist_to_d1_open_pct"": -1.278980120050671, ""phase_reversal"": 0.0, ""phase_manipulation"": 0.0, ""vol_ratio_setup"": 0.9015882192947465, ""has_mss_nearby"": 0.0, ""po3_body_pct"": 0.9597855227882037, ""po3_upper_wick"": 0.0, ""po3_lower_wick"": 0.0, ""po3_aligned"": 0.0, ""po3_htf2_aligned"": 0.0, ""displacement_ratio"": 1.2355380059231216, ""fib_level"": -1.8680890538033657, ""mom_60"": -0.22220444895730065, ""mom_240"": -1.5513517500956333, ""body_ratio_recent"": 0.4394379810859739, ""mom_aligned"": 0.0, ""atr_regime"": 2.460617086163557, ""dist_pdh_atr"": 38.07502467917078, ""dist_pdl_atr"": 1.0851727541955152}",29137.85,1.586490858633046,NO_FILL,,,,,,,,,,,
NAS100,2026-05-12,bullish,2026-05-12 17:06:00+00:00,2026-05-12 17:10:00+00:00,4.0,17,Tuesday,ny_afternoon,0.781940627929316,28736.8,28663.17,28850.02,1.5376884422110497,28736.8,28690.55,0.16094345925781575,False,191.39600000000064,range,1.8385093598416162,0.6176212584037509,True,range,"{""score"": 71.0, ""quality"": 63.0, ""ob_strength"": 4.0, ""sweep_strength"": 6.0, ""retest_count"": 0.0, ""is_unicorn"": 1.0, ""rr"": 1.5376884422110497, ""risk_points"": 73.63000000000102, ""tp_source_htf"": 1.0, ""tp_source_capped"": 0.0, ""daily_bias_aligned"": 0.0, ""daily_bias_neutral"": 1.0, ""kz_london"": 0.0, ""kz_ny_am"": 0.0, ""kz_ny_pm"": 0.0, ""kz_asia"": 0.0, ""kz_ny_lunch"": 1.0, ""has_smt"": 0.0, ""has_feu_vert"": 1.0, ""has_breaker_kz"": 1.0, ""has_mss_fvg"": 1.0, ""has_po3_dist"": 0.0, ""has_phase_expansion"": 0.0, ""has_open_midnight_respect"": 0.0, ""has_FVG_sync"": 1.0, ""has_parent_ob"": 0.0, ""has_grandparent_ob"": 0.0, ""has_good_zone"": 1.0, ""has_session_direction"": 1.0, ""ob_group_size"": 2.0, ""bars_sweep_to_validation"": 24.0, ""bars_group_to_validation"": 25.0, ""is_bullish"": 1.0, ""hour_of_day"": 17.0, ""day_of_week"": 1.0, ""minutes_into_killzone"": 6.0, ""atr_at_setup"": 18.432142857143067, ""atr_ratio_100"": 0.9276601251739263, ""dist_to_pdh_pct"": 2.1611048787006473, ""dist_to_pdl_pct"": 0.2568801706161636, ""dist_to_d1_open_pct"": -1.0931218679442776, ""phase_reversal"": 0.0, ""phase_manipulation"": 0.0, ""vol_ratio_setup"": 0.9259192618556028, ""has_mss_nearby"": 1.0, ""po3_body_pct"": 0.9597855227882037, ""po3_upper_wick"": 0.0, ""po3_lower_wick"": 0.0, ""po3_aligned"": 0.0, ""po3_htf2_aligned"": 0.0, ""displacement_ratio"": 0.8977846871356292, ""fib_level"": -1.6523986217864075, ""mom_60"": -0.16701736841740514, ""mom_240"": -1.2612235155940115, ""body_ratio_recent"": 0.4274390489359291, ""mom_aligned"": 0.0, ""atr_regime"": 2.477532962518836, ""dist_pdh_atr"": 34.437124588257696, ""dist_pdl_atr"": 3.994652199186214}",29145.1,1.4208262576208879,NO_FILL,,,,,,,,,,,
NAS100,2026-05-13,bullish,2026-05-13 00:08:00+00:00,2026-05-13 00:10:00+00:00,2.0,0,Wednesday,asia,0.7912305051530938,29034.3,28981.5,29139.899999999998,2.0,29034.3,29012.3,0.07577244844890353,True,106.9239999999998,range,0.6303847152776704,1.3979576567232759,True,range,"{""score"": 93.0, ""quality"": 26.0, ""ob_strength"": 2.0, ""sweep_strength"": 5.0, ""retest_count"": 0.0, ""is_unicorn"": 0.0, ""rr"": 2.0, ""risk_points"": 52.79999999999927, ""tp_source_htf"": 1.0, ""tp_source_capped"": 1.0, ""daily_bias_aligned"": 1.0, ""daily_bias_neutral"": 0.0, ""kz_london"": 0.0, ""kz_ny_am"": 0.0, ""kz_ny_pm"": 0.0, ""kz_asia"": 1.0, ""kz_ny_lunch"": 0.0, ""has_smt"": 0.0, ""has_feu_vert"": 0.0, ""has_breaker_kz"": 1.0, ""has_mss_fvg"": 0.0, ""has_po3_dist"": 1.0, ""has_phase_expansion"": 0.0, ""has_open_midnight_respect"": 0.0, ""has_FVG_sync"": 0.0, ""has_parent_ob"": 1.0, ""has_grandparent_ob"": 1.0, ""has_good_zone"": 0.0, ""has_session_direction"": 1.0, ""ob_group_size"": 4.0, ""bars_sweep_to_validation"": 12.0, ""bars_group_to_validation"": 15.0, ""is_bullish"": 1.0, ""hour_of_day"": 0.0, ""day_of_week"": 2.0, ""minutes_into_killzone"": 8.0, ""atr_at_setup"": 13.867857142856987, ""atr_ratio_100"": 1.86533823967412, ""dist_to_pdh_pct"": 1.543767198889098, ""dist_to_pdl_pct"": 0.18218518710211437, ""dist_to_d1_open_pct"": -1.447853676998455, ""phase_reversal"": 0.0, ""phase_manipulation"": 0.0, ""vol_ratio_setup"": 1.8740347490347649, ""has_mss_nearby"": 0.0, ""po3_body_pct"": 0.06055363321799384, ""po3_upper_wick"": 0.0, ""po3_lower_wick"": 0.0, ""po3_aligned"": 1.0, ""po3_htf2_aligned"": 1.0, ""displacement_ratio"": 0.16224568632500824, ""fib_level"": 0.8036284113984785, ""mom_60"": -0.12039882972337508, ""mom_240"": 0.41066803152547177, ""body_ratio_recent"": 0.4534793110492349, ""mom_aligned"": 0.0, ""atr_regime"": 0.9700072686763557, ""dist_pdh_atr"": 32.82771053309334, ""dist_pdl_atr"": 3.807365439093475}",28734.85,-1.0313663494556464,INVALID_PRICE,,,,,,,,,,,
NAS100,2026-05-13,bullish,2026-05-13 00:18:00+00:00,2026-05-13 00:20:00+00:00,2.0,0,Wednesday,asia,0.8388494061172497,29037.05,28981.5,29148.149999999998,2.0,29037.05,29006.25,0.10607138121813088,True,106.9239999999998,range,0.6303847152776704,1.3979576567232759,True,range,"{""score"": 172.0, ""quality"": 67.0, ""ob_strength"": 5.0, ""sweep_strength"": 6.0, ""retest_count"": 0.0, ""is_unicorn"": 1.0, ""rr"": 2.0, ""risk_points"": 55.54999999999927, ""tp_source_htf"": 1.0, ""tp_source_capped"": 1.0, ""daily_bias_aligned"": 1.0, ""daily_bias_neutral"": 0.0, ""kz_london"": 0.0, ""kz_ny_am"": 0.0, ""kz_ny_pm"": 0.0, ""kz_asia"": 1.0, ""kz_ny_lunch"": 0.0, ""has_smt"": 0.0, ""has_feu_vert"": 0.0, ""has_breaker_kz"": 1.0, ""has_mss_fvg"": 1.0, ""has_po3_dist"": 1.0, ""has_phase_expansion"": 1.0, ""has_open_midnight_respect"": 0.0, ""has_FVG_sync"": 1.0, ""has_parent_ob"": 1.0, ""has_grandparent_ob"": 1.0, ""has_good_zone"": 0.0, ""has_session_direction"": 1.0, ""ob_group_size"": 1.0, ""bars_sweep_to_validation"": 16.0, ""bars_group_to_validation"": 17.0, ""is_bullish"": 1.0, ""hour_of_day"": 0.0, ""day_of_week"": 2.0, ""minutes_into_killzone"": 18.0, ""atr_at_setup"": 12.77142857142826, ""atr_ratio_100"": 1.5519082048032724, ""dist_to_pdh_pct"": 1.5344418616086037, ""dist_to_pdl_pct"": 0.19167399893034961, ""dist_to_d1_open_pct"": -1.4385192552149695, ""phase_reversal"": 0.0, ""phase_manipulation"": 0.0, ""vol_ratio_setup"": 1.557586263970795, ""has_mss_nearby"": 1.0, ""po3_body_pct"": 0.4880546075085324, ""po3_upper_wick"": 0.0, ""po3_lower_wick"": 0.0, ""po3_aligned"": 0.0, ""po3_htf2_aligned"": 1.0, ""displacement_ratio"": 2.247203579418456, ""fib_level"": 0.799946444112205, ""mom_60"": -0.014796564444197243, ""mom_240"": 0.30793342838304133, ""body_ratio_recent"": 0.5470133414087062, ""mom_aligned"": 0.0, ""atr_regime"": 0.9618071035225016, ""dist_pdh_atr"": 35.43064876957581, ""dist_pdl_atr"": 4.349552572706984}",28795.1,-0.8332458014846574,INVALID_PRICE,,,,,,,,,,,
NAS100,2026-05-13,bullish,2026-05-13 00:35:00+00:00,2026-05-13 00:40:00+00:00,5.0,0,Wednesday,asia,0.7236189016174513,29047.55,29023.05,29096.55,2.0,29047.55,29031.8,0.054221440362440206,True,106.9239999999998,range,0.6303847152776704,1.3979576567232759,True,range,"{""score"": 146.0, ""quality"": 69.0, ""ob_strength"": 7.0, ""sweep_strength"": 5.0, ""retest_count"": 0.0, ""is_unicorn"": 1.0, ""rr"": 2.0, ""risk_points"": 24.5, ""tp_source_htf"": 1.0, ""tp_source_capped"": 1.0, ""daily_bias_aligned"": 1.0, ""daily_bias_neutral"": 0.0, ""kz_london"": 0.0, ""kz_ny_am"": 0.0, ""kz_ny_pm"": 0.0, ""kz_asia"": 1.0, ""kz_ny_lunch"": 0.0, ""has_smt"": 0.0, ""has_feu_vert"": 0.0, ""has_breaker_kz"": 1.0, ""has_mss_fvg"": 1.0, ""has_po3_dist"": 1.0, ""has_phase_expansion"": 0.0, ""has_open_midnight_respect"": 0.0, ""has_FVG_sync"": 1.0, ""has_parent_ob"": 1.0, ""has_grandparent_ob"": 1.0, ""has_good_zone"": 0.0, ""has_session_direction"": 1.0, ""ob_group_size"": 2.0, ""bars_sweep_to_validation"": 3.0, ""bars_group_to_validation"": 5.0, ""is_bullish"": 1.0, ""hour_of_day"": 0.0, ""day_of_week"": 2.0, ""minutes_into_killzone"": 35.0, ""atr_at_setup"": 13.389285714285506, ""atr_ratio_100"": 1.337257000178352, ""dist_to_pdh_pct"": 1.4988360283558073, ""dist_to_pdl_pct"": 0.22790400772906605, ""dist_to_d1_open_pct"": -1.4028787356780246, ""phase_reversal"": 0.0, ""phase_manipulation"": 0.0, ""vol_ratio_setup"": 1.3394869593216736, ""has_mss_nearby"": 1.0, ""po3_body_pct"": 0.291005291005291, ""po3_upper_wick"": 0.0, ""po3_lower_wick"": 0.0, ""po3_aligned"": 1.0, ""po3_htf2_aligned"": 1.0, ""displacement_ratio"": 0.2617521367521408, ""fib_level"": 0.4481895223420616, ""mom_60"": 0.013944480309874835, ""mom_240"": 0.11028474141674537, ""body_ratio_recent"": 0.5679409140694316, ""mom_aligned"": 1.0, ""atr_regime"": 0.9662222090808231, ""dist_pdh_atr"": 33.01146972526058, ""dist_pdl_atr"": 4.933048813016827}",28820.6,-0.78130513588926,INVALID_PRICE,,,,,,,,,,,
NAS100,2026-05-13,bullish,2026-05-13 14:21:00+00:00,2026-05-13 14:25:00+00:00,4.0,14,Wednesday,ny_morning,0.7330201955599894,29108.8,29041.05,29214.05,1.5535055350553506,29108.8,29088.8,0.06870774473698675,True,146.95,range,0.4402793166181077,1.4000027357161346,True,range,"{""score"": 97.0, ""quality"": 62.0, ""ob_strength"": 7.0, ""sweep_strength"": 5.0, ""retest_count"": 0.0, ""is_unicorn"": 0.0, ""rr"": 1.5535055350553506, ""risk_points"": 67.75, ""tp_source_htf"": 1.0, ""tp_source_capped"": 0.0, ""daily_bias_aligned"": 1.0, ""daily_bias_neutral"": 0.0, ""kz_london"": 0.0, ""kz_ny_am"": 1.0, ""kz_ny_pm"": 0.0, ""kz_asia"": 0.0, ""kz_ny_lunch"": 0.0, ""has_smt"": 0.0, ""has_feu_vert"": 0.0, ""has_breaker_kz"": 0.0, ""has_mss_fvg"": 1.0, ""has_po3_dist"": 1.0, ""has_phase_expansion"": 0.0, ""has_open_midnight_respect"": 0.0, ""has_FVG_sync"": 1.0, ""has_parent_ob"": 0.0, ""has_grandparent_ob"": 0.0, ""has_good_zone"": 0.0, ""has_session_direction"": 1.0, ""ob_group_size"": 1.0, ""bars_sweep_to_validation"": 20.0, ""bars_group_to_validation"": 21.0, ""is_bullish"": 1.0, ""hour_of_day"": 14.0, ""day_of_week"": 2.0, ""minutes_into_killzone"": 21.0, ""atr_at_setup"": 27.357142857142858, ""atr_ratio_100"": 1.1837794399456019, ""dist_to_pdh_pct"": 1.2911353343811622, ""dist_to_pdl_pct"": 0.4392457257215785, ""dist_to_d1_open_pct"": -1.1949757050458465, ""phase_reversal"": 0.0, ""phase_manipulation"": 0.0, ""vol_ratio_setup"": 1.1845482943123127, ""has_mss_nearby"": 1.0, ""po3_body_pct"": 0.5663716814159292, ""po3_upper_wick"": 0.0, ""po3_lower_wick"": 0.0, ""po3_aligned"": 0.0, ""po3_htf2_aligned"": 1.0, ""displacement_ratio"": 0.7859007832898173, ""fib_level"": 0.4293537787513691, ""mom_60"": -0.3097188403168373, ""mom_240"": -0.6548084940939344, ""body_ratio_recent"": 0.43679588418131765, ""mom_aligned"": 0.0, ""atr_regime"": 1.620111256190735, ""dist_pdh_atr"": 13.9177545691906, ""dist_pdl_atr"": 4.653263707571775}",29237.6,0.44247787610619216,NO_FILL,,,,,,,,,,,
NAS100,2026-05-13,bullish,2026-05-13 14:52:00+00:00,2026-05-13 14:55:00+00:00,3.0,14,Wednesday,ny_morning,0.7130461288420258,29204.8,29144.05,29312.35,1.7703703703703584,29204.8,29144.05,0.2080137511641922,True,146.95,range,0.4402793166181077,1.4000027357161346,True,range,"{""score"": 148.0, ""quality"": 34.0, ""ob_strength"": 4.0, ""sweep_strength"": 5.0, ""retest_count"": 0.0, ""is_unicorn"": 0.0, ""rr"": 1.7703703703703584, ""risk_points"": 60.75, ""tp_source_htf"": 1.0, ""tp_source_capped"": 0.0, ""daily_bias_aligned"": 1.0, ""daily_bias_neutral"": 0.0, ""kz_london"": 0.0, ""kz_ny_am"": 1.0, ""kz_ny_pm"": 0.0, ""kz_asia"": 0.0, ""kz_ny_lunch"": 0.0, ""has_smt"": 0.0, ""has_feu_vert"": 0.0, ""has_breaker_kz"": 0.0, ""has_mss_fvg"": 1.0, ""has_po3_dist"": 1.0, ""has_phase_expansion"": 0.0, ""has_open_midnight_respect"": 1.0, ""has_FVG_sync"": 1.0, ""has_parent_ob"": 1.0, ""has_grandparent_ob"": 1.0, ""has_good_zone"": 0.0, ""has_session_direction"": 1.0, ""ob_group_size"": 4.0, ""bars_sweep_to_validation"": 13.0, ""bars_group_to_validation"": 16.0, ""is_bullish"": 1.0, ""hour_of_day"": 14.0, ""day_of_week"": 2.0, ""minutes_into_killzone"": 52.0, ""atr_at_setup"": 19.142857142857142, ""atr_ratio_100"": 0.7671411682873006, ""dist_to_pdh_pct"": 0.9655962874984528, ""dist_to_pdl_pct"": 0.7704915204527001, ""dist_to_d1_open_pct"": -0.8691195264223514, ""phase_reversal"": 0.0, ""phase_manipulation"": 0.0, ""vol_ratio_setup"": 0.7675256462394112, ""has_mss_nearby"": 1.0, ""po3_body_pct"": 0.6314199395770392, ""po3_upper_wick"": 0.0, ""po3_lower_wick"": 0.0, ""po3_aligned"": 1.0, ""po3_htf2_aligned"": 1.0, ""displacement_ratio"": 0.914179104477612, ""fib_level"": 0.7606790799561884, ""mom_60"": 0.39690653452485475, ""mom_240"": -0.32326520028795336, ""body_ratio_recent"": 0.4084119877748706, ""mom_aligned"": 1.0, ""atr_regime"": 1.806065693908676, ""dist_pdh_atr"": 14.875, ""dist_pdl_atr"": 11.66492537313429}",29279.35,0.2552662576014877,NO_FILL,,,,,,,,,,,
NAS100,2026-05-14,bullish,2026-05-14 13:14:00+00:00,2026-05-14 13:15:00+00:00,1.0,13,Thursday,ny_morning,0.8046820130048082,29396.9,29375.9,29438.9,2.0,29396.9,29375.9,0.071436103806864,False,117.37000000000117,range,0.5141056682270819,0.3456215333922734,True,range,"{""score"": 44.0, ""quality"": 44.0, ""ob_strength"": 5.0, ""sweep_strength"": 8.0, ""retest_count"": 0.0, ""is_unicorn"": 0.0, ""rr"": 2.0, ""risk_points"": 21.0, ""tp_source_htf"": 1.0, ""tp_source_capped"": 1.0, ""daily_bias_aligned"": 0.0, ""daily_bias_neutral"": 1.0, ""kz_london"": 0.0, ""kz_ny_am"": 1.0, ""kz_ny_pm"": 0.0, ""kz_asia"": 0.0, ""kz_ny_lunch"": 0.0, ""has_smt"": 0.0, ""has_feu_vert"": 1.0, ""has_breaker_kz"": 0.0, ""has_mss_fvg"": 0.0, ""has_po3_dist"": 0.0, ""has_phase_expansion"": 0.0, ""has_open_midnight_respect"": 0.0, ""has_FVG_sync"": 0.0, ""has_parent_ob"": 0.0, ""has_grandparent_ob"": 0.0, ""has_good_zone"": 1.0, ""has_session_direction"": 1.0, ""ob_group_size"": 2.0, ""bars_sweep_to_validation"": 2.0, ""bars_group_to_validation"": 3.0, ""is_bullish"": 1.0, ""hour_of_day"": 13.0, ""day_of_week"": 3.0, ""minutes_into_killzone"": 14.0, ""atr_at_setup"": 12.878571428571636, ""atr_ratio_100"": 1.4370197978767656, ""dist_to_pdh_pct"": 1.0510230013312396, ""dist_to_pdl_pct"": 0.0714871714568745, ""dist_to_d1_open_pct"": -0.7396352303404052, ""phase_reversal"": 0.0, ""phase_manipulation"": 0.0, ""vol_ratio_setup"": 1.43504531722056, ""has_mss_nearby"": 0.0, ""po3_body_pct"": 0.4, ""po3_upper_wick"": 0.0, ""po3_lower_wick"": 0.0, ""po3_aligned"": 0.0, ""po3_htf2_aligned"": 0.0, ""displacement_ratio"": 1.1695906432748349, ""fib_level"": -0.7509433962264151, ""mom_60"": -0.2933431453506807, ""mom_240"": -0.28827093398086895, ""body_ratio_recent"": 0.5721190423854704, ""mom_aligned"": 0.0, ""atr_regime"": 1.0120949923999638, ""dist_pdh_atr"": 24.245701608430004, ""dist_pdl_atr"": 1.6306156405989753}",29523.2,0.4296371386098509,NO_FILL,,,,,,,,,,,
NAS100,2026-05-14,bearish,2026-05-14 15:34:00+00:00,2026-05-14 15:35:00+00:00,1.0,15,Thursday,ny_morning,0.7314348818407915,29672.65,29701.15,29615.65,2.0,29697.65,29672.65,0.08425267038838796,True,140.7600000000006,range,0.06148321087225305,1.0413403003075918,True,range,"{""score"": 66.0, ""quality"": 28.0, ""ob_strength"": 4.0, ""sweep_strength"": 1.0, ""retest_count"": 0.0, ""is_unicorn"": 0.0, ""rr"": 2.0, ""risk_points"": 28.5, ""tp_source_htf"": 1.0, ""tp_source_capped"": 1.0, ""daily_bias_aligned"": 0.0, ""daily_bias_neutral"": 1.0, ""kz_london"": 0.0, ""kz_ny_am"": 1.0, ""kz_ny_pm"": 0.0, ""kz_asia"": 0.0, ""kz_ny_lunch"": 0.0, ""has_smt"": 0.0, ""has_feu_vert"": 1.0, ""has_breaker_kz"": 0.0, ""has_mss_fvg"": 1.0, ""has_po3_dist"": 0.0, ""has_phase_expansion"": 0.0, ""has_open_midnight_respect"": 0.0, ""has_FVG_sync"": 1.0, ""has_parent_ob"": 0.0, ""has_grandparent_ob"": 0.0, ""has_good_zone"": 1.0, ""has_session_direction"": 1.0, ""ob_group_size"": 3.0, ""bars_sweep_to_validation"": 8.0, ""bars_group_to_validation"": 10.0, ""is_bullish"": 0.0, ""hour_of_day"": 15.0, ""day_of_week"": 3.0, ""minutes_into_killzone"": 34.0, ""atr_at_setup"": 12.52142857142878, ""atr_ratio_100"": 0.6865571099588091, ""dist_to_pdh_pct"": 0.12285777277370777, ""dist_to_pdl_pct"": 1.0101818157060718, ""dist_to_d1_open_pct"": 0.19145089048300232, ""phase_reversal"": 0.0, ""phase_manipulation"": 0.0, ""vol_ratio_setup"": 0.6874995097693274, ""has_mss_nearby"": 0.0, ""po3_body_pct"": 0.09036144578313253, ""po3_upper_wick"": 0.0, ""po3_lower_wick"": 0.0, ""po3_aligned"": 1.0, ""po3_htf2_aligned"": 0.0, ""displacement_ratio"": 0.2595550484883014, ""fib_level"": 1.3103813559322033, ""mom_60"": 0.3805895924815794, ""mom_240"": 0.6905702379498039, ""body_ratio_recent"": 0.47329212969012213, ""mom_aligned"": 0.0, ""atr_regime"": 1.6219285056734427, ""dist_pdh_atr"": 2.9150028522532314, ""dist_pdl_atr"": 23.699372504277985}",29467.9,0.6900293704808973,NO_FILL,,,,,,,,,,,
NAS100,2026-05-14,bearish,2026-05-14 16:26:00+00:00,2026-05-14 16:30:00+00:00,4.0,16,Thursday,ny_afternoon,0.9135184560080309,29669.9,29709.15,29591.4,2.0,29697.15,29669.9,0.09184392262865732,True,144.42000000000115,range,0.1804040713995478,0.9504091125974381,True,range,"{""score"": 110.0, ""quality"": 32.0, ""ob_strength"": 2.0, ""sweep_strength"": 5.0, ""retest_count"": 0.0, ""is_unicorn"": 0.0, ""rr"": 2.0, ""risk_points"": 39.25, ""tp_source_htf"": 1.0, ""tp_source_capped"": 1.0, ""daily_bias_aligned"": 0.0, ""daily_bias_neutral"": 1.0, ""kz_london"": 0.0, ""kz_ny_am"": 0.0, ""kz_ny_pm"": 0.0, ""kz_asia"": 0.0, ""kz_ny_lunch"": 1.0, ""has_smt"": 0.0, ""has_feu_vert"": 1.0, ""has_breaker_kz"": 1.0, ""has_mss_fvg"": 1.0, ""has_po3_dist"": 0.0, ""has_phase_expansion"": 1.0, ""has_open_midnight_respect"": 0.0, ""has_FVG_sync"": 1.0, ""has_parent_ob"": 1.0, ""has_grandparent_ob"": 0.0, ""has_good_zone"": 1.0, ""has_session_direction"": 1.0, ""ob_group_size"": 5.0, ""bars_sweep_to_validation"": 29.0, ""bars_group_to_validation"": 33.0, ""is_bullish"": 0.0, ""hour_of_day"": 16.0, ""day_of_week"": 3.0, ""minutes_into_killzone"": 26.0, ""atr_at_setup"": 12.910714285714286, ""atr_ratio_100"": 1.031577986154309, ""dist_to_pdh_pct"": 0.13211418031145286, ""dist_to_pdl_pct"": 1.000820400396243, ""dist_to_d1_open_pct"": 0.18216535346663107, ""phase_reversal"": 0.0, ""phase_manipulation"": 0.0, ""vol_ratio_setup"": 1.0326093166211514, ""has_mss_nearby"": 1.0, ""po3_body_pct"": 0.43609022556390975, ""po3_upper_wick"": 0.0, ""po3_lower_wick"": 0.0, ""po3_aligned"": 1.0, ""po3_htf2_aligned"": 1.0, ""displacement_ratio"": 2.1493775933609958, ""fib_level"": 0.9458109146810146, ""mom_60"": -0.12375966714542855, ""mom_240"": 0.5671289035677409, ""body_ratio_recent"": 0.4739556170781043, ""mom_aligned"": 1.0, ""atr_regime"": 1.713062804767585, ""dist_pdh_atr"": 3.040110650069156, ""dist_pdl_atr"": 22.771784232365142}",29475.15,0.6563891351167344,NO_FILL,,,,,,,,,,,
NAS100,2026-05-14,bearish,2026-05-14 17:05:00+00:00,2026-05-14 17:10:00+00:00,5.0,17,Thursday,ny_afternoon,0.7684147045420062,29665.65,29681.65,29633.65,2.0,29677.15,29665.65,0.03876537342010035,True,156.61000000000058,range,0.17111509724057938,0.952512610255442,True,range,"{""score"": 75.0, ""quality"": 50.0, ""ob_strength"": 8.0, ""sweep_strength"": 5.0, ""retest_count"": 0.0, ""is_unicorn"": 0.0, ""rr"": 2.0, ""risk_points"": 16.0, ""tp_source_htf"": 1.0, ""tp_source_capped"": 1.0, ""daily_bias_aligned"": 0.0, ""daily_bias_neutral"": 1.0, ""kz_london"": 0.0, ""kz_ny_am"": 0.0, ""kz_ny_pm"": 0.0, ""kz_asia"": 0.0, ""kz_ny_lunch"": 1.0, ""has_smt"": 0.0, ""has_feu_vert"": 1.0, ""has_breaker_kz"": 0.0, ""has_mss_fvg"": 0.0, ""has_po3_dist"": 1.0, ""has_phase_expansion"": 0.0, ""has_open_midnight_respect"": 0.0, ""has_FVG_sync"": 1.0, ""has_parent_ob"": 1.0, ""has_grandparent_ob"": 0.0, ""has_good_zone"": 1.0, ""has_session_direction"": 1.0, ""ob_group_size"": 2.0, ""bars_sweep_to_validation"": 2.0, ""bars_group_to_validation"": 3.0, ""is_bullish"": 0.0, ""hour_of_day"": 17.0, ""day_of_week"": 3.0, ""minutes_into_killzone"": 5.0, ""atr_at_setup"": 13.339285714285714, ""atr_ratio_100"": 1.0438850971777323, ""dist_to_pdh_pct"": 0.14641953741524075, ""dist_to_pdl_pct"": 0.9863527585537805, ""dist_to_d1_open_pct"": 0.1678149780776937, ""phase_reversal"": 0.0, ""phase_manipulation"": 0.0, ""vol_ratio_setup"": 1.0444981375213886, ""has_mss_nearby"": 1.0, ""po3_body_pct"": 0.6707616707616708, ""po3_upper_wick"": 0.0, ""po3_lower_wick"": 0.0, ""po3_aligned"": 1.0, ""po3_htf2_aligned"": 0.0, ""displacement_ratio"": 0.9370816599732263, ""fib_level"": 0.9085318985395849, ""mom_60"": -0.15065615384097444, ""mom_240"": 0.8406604241892599, ""body_ratio_recent"": 0.37645352230459367, ""mom_aligned"": 1.0, ""atr_regime"": 1.8037484403931998, ""dist_pdh_atr"": 3.2610441767068274, ""dist_pdl_atr"": 21.721552878179384}",29502.4,0.5502997574635985,NO_FILL,,,,,,,,,,,
XAUUSD,2026-05-12,bullish,2026-05-12 11:28:00+00:00,2026-05-12 11:30:00+00:00,2.0,11,Tuesday,london,0.7372268285978862,4696.87,4692.86,4705.52,2.157107231920218,4696.87,4695.42,0.03087162301702662,False,16.490000000000144,range,1.420109291475098,0.45594771686199265,False,range,"{""score"": 44.0, ""quality"": 57.0, ""ob_strength"": 9.0, ""sweep_strength"": 5.0, ""retest_count"": 0.0, ""is_unicorn"": 0.0, ""rr"": 2.157107231920218, ""risk_points"": 4.010000000000218, ""tp_source_htf"": 1.0, ""tp_source_capped"": 0.0, ""daily_bias_aligned"": 0.0, ""daily_bias_neutral"": 1.0, ""kz_london"": 0.0, ""kz_ny_am"": 0.0, ""kz_ny_pm"": 0.0, ""kz_asia"": 0.0, ""kz_ny_lunch"": 0.0, ""has_smt"": 0.0, ""has_feu_vert"": 1.0, ""has_breaker_kz"": 0.0, ""has_mss_fvg"": 1.0, ""has_po3_dist"": 1.0, ""has_phase_expansion"": 1.0, ""has_open_midnight_respect"": 0.0, ""has_FVG_sync"": 1.0, ""has_parent_ob"": 0.0, ""has_grandparent_ob"": 0.0, ""has_good_zone"": 0.0, ""has_session_direction"": 0.0, ""ob_group_size"": 1.0, ""bars_sweep_to_validation"": 6.0, ""bars_group_to_validation"": 6.0, ""is_bullish"": 1.0, ""hour_of_day"": 11.0, ""day_of_week"": 1.0, ""minutes_into_killzone"": -1.0, ""atr_at_setup"": 2.0335714285714466, ""atr_ratio_100"": 0.9411632473603109, ""dist_to_pdh_pct"": 1.6057332953460033, ""dist_to_pdl_pct"": 1.2612189195773515, ""dist_to_d1_open_pct"": -0.3859963902974891, ""phase_reversal"": 0.0, ""phase_manipulation"": 0.0, ""vol_ratio_setup"": 0.941293940275607, ""has_mss_nearby"": 1.0, ""po3_body_pct"": 0.976798143851529, ""po3_upper_wick"": 0.0, ""po3_lower_wick"": 0.0, ""po3_aligned"": 0.0, ""po3_htf2_aligned"": 1.0, ""displacement_ratio"": 1.4752370916754347, ""fib_level"": 0.46888412017167796, ""mom_60"": -0.04403065554628043, ""mom_240"": 0.02745901901058053, ""body_ratio_recent"": 0.5474990259951035, ""mom_aligned"": 0.0, ""atr_regime"": 0.7700857200308071, ""dist_pdh_atr"": 37.69230769230763, ""dist_pdl_atr"": 28.767123287670977}",4722.72,0.5503665206829307,NO_FILL,,,,,,,,,,,
XAUUSD,2026-05-13,bearish,2026-05-13 00:36:00+00:00,2026-05-13 00:40:00+00:00,4.0,0,Wednesday,asia,0.7187834564983033,4720.15,4726.34,4703.57,2.678513731825293,4725.53,4720.15,0.11397942861985551,True,11.95599999999995,range,0.33534128027827365,1.6168922071861973,True,range,"{""score"": 98.0, ""quality"": 58.0, ""ob_strength"": 6.0, ""sweep_strength"": 5.0, ""retest_count"": 0.0, ""is_unicorn"": 0.0, ""rr"": 2.678513731825293, ""risk_points"": 6.190000000000509, ""tp_source_htf"": 1.0, ""tp_source_capped"": 0.0, ""daily_bias_aligned"": 0.0, ""daily_bias_neutral"": 1.0, ""kz_london"": 0.0, ""kz_ny_am"": 0.0, ""kz_ny_pm"": 0.0, ""kz_asia"": 1.0, ""kz_ny_lunch"": 0.0, ""has_smt"": 0.0, ""has_feu_vert"": 1.0, ""has_breaker_kz"": 0.0, ""has_mss_fvg"": 1.0, ""has_po3_dist"": 0.0, ""has_phase_expansion"": 0.0, ""has_open_midnight_respect"": 0.0, ""has_FVG_sync"": 1.0, ""has_parent_ob"": 0.0, ""has_grandparent_ob"": 0.0, ""has_good_zone"": 1.0, ""has_session_direction"": 1.0, ""ob_group_size"": 3.0, ""bars_sweep_to_validation"": 19.0, ""bars_group_to_validation"": 21.0, ""is_bullish"": 0.0, ""hour_of_day"": 0.0, ""day_of_week"": 2.0, ""minutes_into_killzone"": 36.0, ""atr_at_setup"": 1.7800000000000051, ""atr_ratio_100"": 0.8347793462458313, ""dist_to_pdh_pct"": 0.14364472576338952, ""dist_to_pdl_pct"": 1.085997464364036, ""dist_to_d1_open_pct"": 0.6709763281428296, ""phase_reversal"": 0.0, ""phase_manipulation"": 0.0, ""vol_ratio_setup"": 0.8348968105065625, ""has_mss_nearby"": 1.0, ""po3_body_pct"": 0.26593137254903326, ""po3_upper_wick"": 0.0, ""po3_lower_wick"": 0.0, ""po3_aligned"": 1.0, ""po3_htf2_aligned"": 1.0, ""displacement_ratio"": 1.6853932584269615, ""fib_level"": 0.6560402684563975, ""mom_60"": -0.00826703804744046, ""mom_240"": 0.1739241232121919, ""body_ratio_recent"": 0.35450043530631814, ""mom_aligned"": 1.0, ""atr_regime"": 0.6798126470037688, ""dist_pdh_atr"": 3.814606741573002, ""dist_pdl_atr"": 28.488764044943757}",4678.98,0.8722180439180974,NO_FILL,,,,,,,,,,,
NAS100,2026-05-15,bearish,2026-05-15 00:25:00+00:00,2026-05-15 00:30:00+00:00,5.0,0,Friday,asia,0.7864211390699142,29645.71,29652.36,29632.409999999996,2.0,29651.61,29645.71,0.019901699099132576,True,70.85000000000073,range,0.32736496195320214,0.7980154132366267,True,range,"{""score"": 99.0, ""quality"": 27.0, ""ob_strength"": 3.0, ""sweep_strength"": 5.0, ""retest_count"": 0.0, ""is_unicorn"": 0.0, ""rr"": 2.0, ""risk_points"": 6.650000000001455, ""tp_source_htf"": 1.0, ""tp_source_capped"": 1.0, ""daily_bias_aligned"": 1.0, ""daily_bias_neutral"": 0.0, ""kz_london"": 0.0, ""kz_ny_am"": 0.0, ""kz_ny_pm"": 0.0, ""kz_asia"": 1.0, ""kz_ny_lunch"": 0.0, ""has_smt"": 0.0, ""has_feu_vert"": 0.0, ""has_breaker_kz"": 0.0, ""has_mss_fvg"": 0.0, ""has_po3_dist"": 0.0, ""has_phase_expansion"": 0.0, ""has_open_midnight_respect"": 0.0, ""has_FVG_sync"": 0.0, ""has_parent_ob"": 1.0, ""has_grandparent_ob"": 0.0, ""has_good_zone"": 1.0, ""has_session_direction"": 1.0, ""ob_group_size"": 1.0, ""bars_sweep_to_validation"": 1.0, ""bars_group_to_validation"": 2.0, ""is_bullish"": 0.0, ""hour_of_day"": 0.0, ""day_of_week"": 4.0, ""minutes_into_killzone"": 25.0, ""atr_at_setup"": 9.185714285714962, ""atr_ratio_100"": 1.3774783363146028, ""dist_to_pdh_pct"": 0.0571425489150357, ""dist_to_pdl_pct"": 2.1458909530436445, ""dist_to_d1_open_pct"": 1.8542562171867623, ""phase_reversal"": 0.0, ""phase_manipulation"": 0.0, ""vol_ratio_setup"": 1.3756295572426678, ""has_mss_nearby"": 1.0, ""po3_body_pct"": 0.7697974217311357, ""po3_upper_wick"": 0.0, ""po3_lower_wick"": 0.0, ""po3_aligned"": 0.0, ""po3_htf2_aligned"": 1.0, ""displacement_ratio"": 0.6174863387979277, ""fib_level"": 0.8571574329150063, ""mom_60"": 0.02058074128455724, ""mom_240"": 0.007792694096267339, ""body_ratio_recent"": 0.45756540765808706, ""mom_aligned"": 0.0, ""atr_regime"": 0.8563417944608634, ""dist_pdh_atr"": 1.8452566096422451, ""dist_pdl_atr"": 67.80093312596694}",29600.65,0.15199501040790614,LOSS,2026-05-15 01:00:13.796000+00:00,1813.796,29645.71,6.650000000001455,13.30000000000291,0.0,1.0887218045112808,135.0,2026-05-15 01:00:41.743000+00:00,27.947,-1.0
NAS100,2026-05-15,bearish,2026-05-15 00:30:00+00:00,2026-05-15 00:35:00+00:00,5.0,0,Friday,asia,0.8538587051255748,29638.21,29655.36,29603.909999999996,2.0,29649.36,29638.21,0.037620355615273174,True,70.85000000000073,range,0.32736496195320214,0.7980154132366267,True,range,"{""score"": 138.0, ""quality"": 28.0, ""ob_strength"": 4.0, ""sweep_strength"": 3.0, ""retest_count"": 0.0, ""is_unicorn"": 0.0, ""rr"": 2.0, ""risk_points"": 17.150000000001455, ""tp_source_htf"": 1.0, ""tp_source_capped"": 1.0, ""daily_bias_aligned"": 1.0, ""daily_bias_neutral"": 0.0, ""kz_london"": 0.0, ""kz_ny_am"": 0.0, ""kz_ny_pm"": 0.0, ""kz_asia"": 1.0, ""kz_ny_lunch"": 0.0, ""has_smt"": 0.0, ""has_feu_vert"": 0.0, ""has_breaker_kz"": 0.0, ""has_mss_fvg"": 1.0, ""has_po3_dist"": 0.0, ""has_phase_expansion"": 1.0, ""has_open_midnight_respect"": 0.0, ""has_FVG_sync"": 1.0, ""has_parent_ob"": 1.0, ""has_grandparent_ob"": 0.0, ""has_good_zone"": 1.0, ""has_session_direction"": 1.0, ""ob_group_size"": 1.0, ""bars_sweep_to_validation"": 11.0, ""bars_group_to_validation"": 11.0, ""is_bullish"": 0.0, ""hour_of_day"": 0.0, ""day_of_week"": 4.0, ""minutes_into_killzone"": 30.0, ""atr_at_setup"": 6.682142857143845, ""atr_ratio_100"": 0.9986762602216553, ""dist_to_pdh_pct"": 0.08242686259425396, ""dist_to_pdl_pct"": 2.120049298984834, ""dist_to_d1_open_pct"": 1.8284883431291366, ""phase_reversal"": 0.0, ""phase_manipulation"": 0.0, ""vol_ratio_setup"": 1.0012200864763359, ""has_mss_nearby"": 1.0, ""po3_body_pct"": 0.7037914691943179, ""po3_upper_wick"": 0.0, ""po3_lower_wick"": 0.0, ""po3_aligned"": 0.0, ""po3_htf2_aligned"": 1.0, ""displacement_ratio"": 2.3570283270974604, ""fib_level"": 0.8074176104479104, ""mom_60"": -0.06744313953209972, ""mom_240"": -0.018690863575254756, ""body_ratio_recent"": 0.4711404195704483, ""mom_aligned"": 1.0, ""atr_regime"": 0.8478895585138974, ""dist_pdh_atr"": 3.6590058792085474, ""dist_pdl_atr"": 92.08123997860734}",29614.65,0.07949198011620025,LOSS,2026-05-15 00:56:10.299000+00:00,1270.299,29638.21,17.150000000001455,34.30000000000291,0.6565597667636993,1.0052478134110867,1336.0,2026-05-15 01:01:16.808000+00:00,306.509,-1.0
NAS100,2026-05-15,bearish,2026-05-15 18:18:00+00:00,2026-05-15 18:20:00+00:00,2.0,18,Friday,ny_afternoon,0.7681131386613477,29366.51,29423.81,29251.909999999993,2.0,29402.01,29366.51,0.12088600245653978,True,165.21400000000068,range,1.1470947880841318,1.0343971580419684,False,range,"{""score"": 122.0, ""quality"": 53.0, ""ob_strength"": 5.0, ""sweep_strength"": 8.0, ""retest_count"": 0.0, ""is_unicorn"": 0.0, ""rr"": 2.0, ""risk_points"": 57.30000000000291, ""tp_source_htf"": 1.0, ""tp_source_capped"": 1.0, ""daily_bias_aligned"": 1.0, ""daily_bias_neutral"": 0.0, ""kz_london"": 0.0, ""kz_ny_am"": 0.0, ""kz_ny_pm"": 1.0, ""kz_asia"": 0.0, ""kz_ny_lunch"": 0.0, ""has_smt"": 0.0, ""has_feu_vert"": 0.0, ""has_breaker_kz"": 0.0, ""has_mss_fvg"": 1.0, ""has_po3_dist"": 0.0, ""has_phase_expansion"": 1.0, ""has_open_midnight_respect"": 1.0, ""has_FVG_sync"": 1.0, ""has_parent_ob"": 0.0, ""has_grandparent_ob"": 0.0, ""has_good_zone"": 1.0, ""has_session_direction"": 1.0, ""ob_group_size"": 3.0, ""bars_sweep_to_validation"": 18.0, ""bars_group_to_validation"": 20.0, ""is_bullish"": 0.0, ""hour_of_day"": 18.0, ""day_of_week"": 4.0, ""minutes_into_killzone"": 18.0, ""atr_at_setup"": 12.578571428571584, ""atr_ratio_100"": 0.8966376850556326, ""dist_to_pdh_pct"": 0.9983932661467363, ""dist_to_pdl_pct"": 1.1838923112809796, ""dist_to_d1_open_pct"": 0.8950041589348731, ""phase_reversal"": 0.0, ""phase_manipulation"": 0.0, ""vol_ratio_setup"": 0.8982319978699553, ""has_mss_nearby"": 1.0, ""po3_body_pct"": 0.8769633507853403, ""po3_upper_wick"": 0.0, ""po3_lower_wick"": 0.0, ""po3_aligned"": 0.0, ""po3_htf2_aligned"": 0.0, ""displacement_ratio"": 2.5440090857467035, ""fib_level"": 1.4054054054054055, ""mom_60"": 0.1945707257761153, ""mom_240"": 0.20825324687295801, ""body_ratio_recent"": 0.4894877599589632, ""mom_aligned"": 0.0, ""atr_regime"": 2.2009770626366296, ""dist_pdh_atr"": 23.54400908574656, ""dist_pdl_atr"": 27.31629755820511}",29139.61,0.7726488438701018,NO_FILL,,,,,,,,,,,
XAUUSD,2026-05-15,bearish,2026-05-15 15:12:00+00:00,2026-05-15 15:15:00+00:00,3.0,15,Friday,ny_morning,0.735823655742559,4554.38,4560.16,4545.710000000001,1.5,4557.23,4554.38,0.06257712356016526,False,30.408000000000175,range,2.9107329698772033,0.6145712869651332,False,bearish,"{""score"": 94.0, ""quality"": 32.0, ""ob_strength"": 5.0, ""sweep_strength"": 3.0, ""retest_count"": 0.0, ""is_unicorn"": 0.0, ""rr"": 1.5, ""risk_points"": 5.779999999999745, ""tp_source_htf"": 0.0, ""tp_source_capped"": 0.0, ""daily_bias_aligned"": 1.0, ""daily_bias_neutral"": 0.0, ""kz_london"": 0.0, ""kz_ny_am"": 1.0, ""kz_ny_pm"": 0.0, ""kz_asia"": 0.0, ""kz_ny_lunch"": 0.0, ""has_smt"": 0.0, ""has_feu_vert"": 0.0, ""has_breaker_kz"": 0.0, ""has_mss_fvg"": 0.0, ""has_po3_dist"": 0.0, ""has_phase_expansion"": 0.0, ""has_open_midnight_respect"": 1.0, ""has_FVG_sync"": 1.0, ""has_parent_ob"": 0.0, ""has_grandparent_ob"": 0.0, ""has_good_zone"": 1.0, ""has_session_direction"": 1.0, ""ob_group_size"": 2.0, ""bars_sweep_to_validation"": 4.0, ""bars_group_to_validation"": 5.0, ""is_bullish"": 0.0, ""hour_of_day"": 15.0, ""day_of_week"": 4.0, ""minutes_into_killzone"": 12.0, ""atr_at_setup"": 3.57071428571427, ""atr_ratio_100"": 0.7830342066433202, ""dist_to_pdh_pct"": 2.3769256656099285, ""dist_to_pdl_pct"": 0.9426288551259404, ""dist_to_d1_open_pct"": 0.34591555253950085, ""phase_reversal"": 0.0, ""phase_manipulation"": 0.0, ""vol_ratio_setup"": 0.7832059585694984, ""has_mss_nearby"": 0.0, ""po3_body_pct"": 0.7982866043613617, ""po3_upper_wick"": 0.0, ""po3_lower_wick"": 0.0, ""po3_aligned"": 0.0, ""po3_htf2_aligned"": 0.0, ""displacement_ratio"": 0.5797159431885588, ""fib_level"": 0.9620267016852772, ""mom_60"": 0.18302447952412995, ""mom_240"": -0.267171226096931, ""body_ratio_recent"": 0.5548273638967911, ""mom_aligned"": 0.0, ""atr_regime"": 1.4936076579387598, ""dist_pdh_atr"": 31.05541108221667, ""dist_pdl_atr"": 11.910782156431267}",4547.28,0.1558938867639583,WIN,2026-05-15 15:29:03.294000+00:00,843.294,4554.38,5.779999999999745,8.669999999999163,1.5224913494810675,0.2404844290658112,5241.0,2026-05-15 15:38:31.475000+00:00,568.181,1.5
XAUUSD,2026-05-14,bearish,2026-05-14 01:13:00+00:00,2026-05-14 01:15:00+00:00,2.0,1,Thursday,asia,0.7121663577483475,4688.37,4692.46,4678.96,2.300733496332401,4692.46,4688.37,0.08723714211975901,False,13.726000000000203,range,0.5683757038048037,0.4128988227265096,True,range,"{""score"": 151.0, ""quality"": 50.0, ""ob_strength"": 8.0, ""sweep_strength"": 5.0, ""retest_count"": 0.0, ""is_unicorn"": 0.0, ""rr"": 2.300733496332401, ""risk_points"": 4.0900000000001455, ""tp_source_htf"": 1.0, ""tp_source_capped"": 0.0, ""daily_bias_aligned"": 1.0, ""daily_bias_neutral"": 0.0, ""kz_london"": 0.0, ""kz_ny_am"": 0.0, ""kz_ny_pm"": 0.0, ""kz_asia"": 1.0, ""kz_ny_lunch"": 0.0, ""has_smt"": 0.0, ""has_feu_vert"": 0.0, ""has_breaker_kz"": 1.0, ""has_mss_fvg"": 1.0, ""has_po3_dist"": 0.0, ""has_phase_expansion"": 1.0, ""has_open_midnight_respect"": 1.0, ""has_FVG_sync"": 1.0, ""has_parent_ob"": 1.0, ""has_grandparent_ob"": 1.0, ""has_good_zone"": 0.0, ""has_session_direction"": 1.0, ""ob_group_size"": 2.0, ""bars_sweep_to_validation"": 1.0, ""bars_group_to_validation"": 2.0, ""is_bullish"": 0.0, ""hour_of_day"": 1.0, ""day_of_week"": 3.0, ""minutes_into_killzone"": 13.0, ""atr_at_setup"": 4.305714285714267, ""atr_ratio_100"": 1.9144165602748968, ""dist_to_pdh_pct"": 0.6446567870153169, ""dist_to_pdl_pct"": 0.9467315476703183, ""dist_to_d1_open_pct"": 0.7984984616972356, ""phase_reversal"": 0.0, ""phase_manipulation"": 0.0, ""vol_ratio_setup"": 1.9148422510514502, ""has_mss_nearby"": 1.0, ""po3_body_pct"": 0.7135254988913532, ""po3_upper_wick"": 0.0, ""po3_lower_wick"": 0.0, ""po3_aligned"": 0.0, ""po3_htf2_aligned"": 0.0, ""displacement_ratio"": 1.347047113470519, ""fib_level"": 0.06711675933282327, ""mom_60"": -0.22995211460132436, ""mom_240"": -0.08614311270888028, ""body_ratio_recent"": 0.4324966089812512, ""mom_aligned"": 1.0, ""atr_regime"": 0.5937006620124945, ""dist_pdh_atr"": 7.065029860650346, ""dist_pdl_atr"": 10.212010617120209}",4689.15,-0.01663691218909227,INVALID_PRICE,,,,,,,,,,,
XAUUSD,2026-05-14,bearish,2026-05-14 07:47:00+00:00,2026-05-14 07:50:00+00:00,3.0,7,Thursday,london,0.7266579782283292,4704.59,4718.79,4683.290000000001,1.5,4706.77,4704.59,0.04633772549787103,True,24.52599999999984,range,0.5456854414277669,0.5235256265474714,False,range,"{""score"": 161.0, ""quality"": 48.0, ""ob_strength"": 6.0, ""sweep_strength"": 5.0, ""retest_count"": 0.0, ""is_unicorn"": 0.0, ""rr"": 1.5, ""risk_points"": 14.199999999999818, ""tp_source_htf"": 0.0, ""tp_source_capped"": 0.0, ""daily_bias_aligned"": 1.0, ""daily_bias_neutral"": 0.0, ""kz_london"": 1.0, ""kz_ny_am"": 0.0, ""kz_ny_pm"": 0.0, ""kz_asia"": 0.0, ""kz_ny_lunch"": 0.0, ""has_smt"": 0.0, ""has_feu_vert"": 0.0, ""has_breaker_kz"": 0.0, ""has_mss_fvg"": 1.0, ""has_po3_dist"": 0.0, ""has_phase_expansion"": 0.0, ""has_open_midnight_respect"": 0.0, ""has_FVG_sync"": 1.0, ""has_parent_ob"": 1.0, ""has_grandparent_ob"": 1.0, ""has_good_zone"": 1.0, ""has_session_direction"": 1.0, ""ob_group_size"": 1.0, ""bars_sweep_to_validation"": 17.0, ""bars_group_to_validation"": 18.0, ""is_bullish"": 0.0, ""hour_of_day"": 7.0, ""day_of_week"": 3.0, ""minutes_into_killzone"": 47.0, ""atr_at_setup"": 3.006428571428517, ""atr_ratio_100"": 1.3172801872796858, ""dist_to_pdh_pct"": 0.3009246014338383, ""dist_to_pdl_pct"": 1.295969339419527, ""dist_to_d1_open_pct"": 1.1472234226215559, ""phase_reversal"": 0.0, ""phase_manipulation"": 0.0, ""vol_ratio_setup"": 1.3177420869727978, ""has_mss_nearby"": 1.0, ""po3_body_pct"": 0.8543328017012304, ""po3_upper_wick"": 0.0, ""po3_lower_wick"": 0.0, ""po3_aligned"": 0.0, ""po3_htf2_aligned"": 1.0, ""displacement_ratio"": 1.2140650985981427, ""fib_level"": 1.1379310344827953, ""mom_60"": 0.08106245000085957, ""mom_240"": 0.5850491710734366, ""body_ratio_recent"": 0.5175979686992905, ""mom_aligned"": 0.0, ""atr_regime"": 0.8817673155811948, ""dist_pdh_atr"": 4.723212164409623, ""dist_pdl_atr"": 20.02043240674798}",4694.55,0.21340860733878964,NO_FILL,,,,,,,,,,,
XAUUSD,2026-05-14,bearish,2026-05-14 07:50:00+00:00,2026-05-14 07:55:00+00:00,5.0,7,Thursday,london,0.7146150126577626,4703.0,4718.79,4679.3150000000005,1.5,4718.79,4703.0,0.3357431426748876,True,24.52599999999984,range,0.5456854414277669,0.5235256265474714,False,range,"{""score"": 174.0, ""quality"": 45.0, ""ob_strength"": 2.0, ""sweep_strength"": 6.0, ""retest_count"": 0.0, ""is_unicorn"": 0.0, ""rr"": 1.5, ""risk_points"": 15.789999999999964, ""tp_source_htf"": 0.0, ""tp_source_capped"": 0.0, ""daily_bias_aligned"": 1.0, ""daily_bias_neutral"": 0.0, ""kz_london"": 1.0, ""kz_ny_am"": 0.0, ""kz_ny_pm"": 0.0, ""kz_asia"": 0.0, ""kz_ny_lunch"": 0.0, ""has_smt"": 0.0, ""has_feu_vert"": 0.0, ""has_breaker_kz"": 0.0, ""has_mss_fvg"": 1.0, ""has_po3_dist"": 0.0, ""has_phase_expansion"": 1.0, ""has_open_midnight_respect"": 0.0, ""has_FVG_sync"": 1.0, ""has_parent_ob"": 1.0, ""has_grandparent_ob"": 1.0, ""has_good_zone"": 1.0, ""has_session_direction"": 1.0, ""ob_group_size"": 5.0, ""bars_sweep_to_validation"": 14.0, ""bars_group_to_validation"": 18.0, ""is_bullish"": 0.0, ""hour_of_day"": 7.0, ""day_of_week"": 3.0, ""minutes_into_killzone"": 50.0, ""atr_at_setup"": 2.8871428571428623, ""atr_ratio_100"": 1.2750145103085966, ""dist_to_pdh_pct"": 0.33461968004509557, ""dist_to_pdl_pct"": 1.2617345620532332, ""dist_to_d1_open_pct"": 1.1130389165876649, ""phase_reversal"": 0.0, ""phase_manipulation"": 0.0, ""vol_ratio_setup"": 1.2754651250851727, ""has_mss_nearby"": 1.0, ""po3_body_pct"": 0.8543328017012304, ""po3_upper_wick"": 0.0, ""po3_lower_wick"": 0.0, ""po3_aligned"": 0.0, ""po3_htf2_aligned"": 1.0, ""displacement_ratio"": 2.3344878772887063, ""fib_level"": 1.4427235534775495, ""mom_60"": 0.015754770608406275, ""mom_240"": 0.46277980107310634, ""body_ratio_recent"": 0.5555159883006431, ""mom_aligned"": 0.0, ""atr_regime"": 0.8842624154581525, ""dist_pdh_atr"": 5.46907471548736, ""dist_pdl_atr"": 20.29688273132122}",4685.84,0.36487348500956523,NO_FILL,,,,,,,,,,,
XAUUSD,2026-05-14,bearish,2026-05-14 13:16:00+00:00,2026-05-14 13:20:00+00:00,4.0,13,Thursday,ny_morning,0.7711855322881634,4701.11,4704.82,4694.3,1.8355795148246425,4704.75,4701.11,0.07742852220008312,False,20.442000000000007,range,0.8370337762467909,0.27203063496607766,False,range,"{""score"": 145.0, ""quality"": 45.0, ""ob_strength"": 6.0, ""sweep_strength"": 5.0, ""retest_count"": 0.0, ""is_unicorn"": 0.0, ""rr"": 1.8355795148246425, ""risk_points"": 3.7100000000000364, ""tp_source_htf"": 1.0, ""tp_source_capped"": 0.0, ""daily_bias_aligned"": 1.0, ""daily_bias_neutral"": 0.0, ""kz_london"": 0.0, ""kz_ny_am"": 1.0, ""kz_ny_pm"": 0.0, ""kz_asia"": 0.0, ""kz_ny_lunch"": 0.0, ""has_smt"": 0.0, ""has_feu_vert"": 0.0, ""has_breaker_kz"": 0.0, ""has_mss_fvg"": 1.0, ""has_po3_dist"": 0.0, ""has_phase_expansion"": 0.0, ""has_open_midnight_respect"": 0.0, ""has_FVG_sync"": 1.0, ""has_parent_ob"": 1.0, ""has_grandparent_ob"": 1.0, ""has_good_zone"": 1.0, ""has_session_direction"": 1.0, ""ob_group_size"": 1.0, ""bars_sweep_to_validation"": 6.0, ""bars_group_to_validation"": 6.0, ""is_bullish"": 0.0, ""hour_of_day"": 13.0, ""day_of_week"": 3.0, ""minutes_into_killzone"": 16.0, ""atr_at_setup"": 2.4285714285714937, ""atr_ratio_100"": 1.0531989368886134, ""dist_to_pdh_pct"": 0.37467232065848005, ""dist_to_pdl_pct"": 1.2210403927310318, ""dist_to_d1_open_pct"": 1.0724045037549232, ""phase_reversal"": 0.0, ""phase_manipulation"": 0.0, ""vol_ratio_setup"": 1.0518781990110235, ""has_mss_nearby"": 0.0, ""po3_body_pct"": 0.9748466257668246, ""po3_upper_wick"": 0.0, ""po3_lower_wick"": 0.0, ""po3_aligned"": 0.0, ""po3_htf2_aligned"": 0.0, ""displacement_ratio"": 0.507216494845545, ""fib_level"": 0.6535852713178526, ""mom_60"": -0.005955736118362913, ""mom_240"": 0.10029043770068813, ""body_ratio_recent"": 0.4168527380231364, ""mom_aligned"": 1.0, ""atr_regime"": 0.8013884569648132, ""dist_pdh_atr"": 7.279999999999925, ""dist_pdl_atr"": 23.351176470587625}",4697.66,0.07338692351380458,LOSS,2026-05-14 13:26:05.438000+00:00,365.438,4701.11,3.7100000000000364,6.809999999999491,0.059299191374485985,1.0404312668465079,658.0,2026-05-14 13:27:23.390000+00:00,77.952,-1.0
XAUUSD,2026-05-14,bearish,2026-05-14 13:27:00+00:00,2026-05-14 13:30:00+00:00,3.0,13,Thursday,ny_morning,0.7969919722643006,4690.64,4697.09,4680.965,1.5,4695.24,4690.64,0.09806764108947721,False,20.442000000000007,range,0.8370337762467909,0.27203063496607766,False,range,"{""score"": 162.0, ""quality"": 56.0, ""ob_strength"": 6.0, ""sweep_strength"": 3.0, ""retest_count"": 0.0, ""is_unicorn"": 1.0, ""rr"": 1.5, ""risk_points"": 6.449999999999818, ""tp_source_htf"": 0.0, ""tp_source_capped"": 0.0, ""daily_bias_aligned"": 1.0, ""daily_bias_neutral"": 0.0, ""kz_london"": 0.0, ""kz_ny_am"": 1.0, ""kz_ny_pm"": 0.0, ""kz_asia"": 0.0, ""kz_ny_lunch"": 0.0, ""has_smt"": 0.0, ""has_feu_vert"": 0.0, ""has_breaker_kz"": 1.0, ""has_mss_fvg"": 1.0, ""has_po3_dist"": 0.0, ""has_phase_expansion"": 1.0, ""has_open_midnight_respect"": 0.0, ""has_FVG_sync"": 1.0, ""has_parent_ob"": 1.0, ""has_grandparent_ob"": 1.0, ""has_good_zone"": 0.0, ""has_session_direction"": 1.0, ""ob_group_size"": 2.0, ""bars_sweep_to_validation"": 3.0, ""bars_group_to_validation"": 4.0, ""is_bullish"": 0.0, ""hour_of_day"": 13.0, ""day_of_week"": 3.0, ""minutes_into_killzone"": 27.0, ""atr_at_setup"": 2.8264285714286808, ""atr_ratio_100"": 1.1232032154779275, ""dist_to_pdh_pct"": 0.5965512345325737, ""dist_to_pdl_pct"": 0.9956076134700003, ""dist_to_d1_open_pct"": 0.8473027564751854, ""phase_reversal"": 0.0, ""phase_manipulation"": 0.0, ""vol_ratio_setup"": 1.1231871713627315, ""has_mss_nearby"": 1.0, ""po3_body_pct"": 0.9748466257668246, ""po3_upper_wick"": 0.0, ""po3_lower_wick"": 0.0, ""po3_aligned"": 0.0, ""po3_htf2_aligned"": 0.0, ""displacement_ratio"": 1.6385237613751107, ""fib_level"": 0.1695736434108941, ""mom_60"": -0.2861637894378781, ""mom_240"": -0.034528620389787434, ""body_ratio_recent"": 0.473641314113754, ""mom_aligned"": 1.0, ""atr_regime"": 0.8338230096108774, ""dist_pdh_atr"": 9.959565327267619, ""dist_pdl_atr"": 16.359868587313233}",4705.52,-0.317227499872088,INVALID_PRICE,,,,,,,,,,,
XAUUSD,2026-05-14,bearish,2026-05-14 14:43:00+00:00,2026-05-14 14:45:00+00:00,2.0,14,Thursday,ny_morning,0.7085398459143127,4687.56,4692.43,4678.96,1.7659137577003197,4692.22,4687.56,0.09941206085895124,False,22.27600000000002,range,0.8391886347317572,0.26989947686942484,False,range,"{""score"": 136.0, ""quality"": 48.0, ""ob_strength"": 6.0, ""sweep_strength"": 6.0, ""retest_count"": 0.0, ""is_unicorn"": 0.0, ""rr"": 1.7659137577003197, ""risk_points"": 4.869999999999891, ""tp_source_htf"": 1.0, ""tp_source_capped"": 0.0, ""daily_bias_aligned"": 1.0, ""daily_bias_neutral"": 0.0, ""kz_london"": 0.0, ""kz_ny_am"": 1.0, ""kz_ny_pm"": 0.0, ""kz_asia"": 0.0, ""kz_ny_lunch"": 0.0, ""has_smt"": 0.0, ""has_feu_vert"": 0.0, ""has_breaker_kz"": 0.0, ""has_mss_fvg"": 1.0, ""has_po3_dist"": 0.0, ""has_phase_expansion"": 0.0, ""has_open_midnight_respect"": 0.0, ""has_FVG_sync"": 1.0, ""has_parent_ob"": 1.0, ""has_grandparent_ob"": 1.0, ""has_good_zone"": 0.0, ""has_session_direction"": 1.0, ""ob_group_size"": 3.0, ""bars_sweep_to_validation"": 2.0, ""bars_group_to_validation"": 4.0, ""is_bullish"": 0.0, ""hour_of_day"": 14.0, ""day_of_week"": 3.0, ""minutes_into_killzone"": 43.0, ""atr_at_setup"": 2.302142857142826, ""atr_ratio_100"": 0.6641499169554878, ""dist_to_pdh_pct"": 0.6618222044210395, ""dist_to_pdl_pct"": 0.9292911893893887, ""dist_to_d1_open_pct"": 0.7810837133403603, ""phase_reversal"": 0.0, ""phase_manipulation"": 0.0, ""vol_ratio_setup"": 0.6643607460299005, ""has_mss_nearby"": 1.0, ""po3_body_pct"": 0.7133858267715726, ""po3_upper_wick"": 0.0, ""po3_lower_wick"": 0.0, ""po3_aligned"": 0.0, ""po3_htf2_aligned"": 1.0, ""displacement_ratio"": 1.4334470989762076, ""fib_level"": 0.5325306783977822, ""mom_60"": 0.23824647174940766, ""mom_240"": -0.11827333714081519, ""body_ratio_recent"": 0.5262776070420004, ""mom_aligned"": 0.0, ""atr_regime"": 1.073991142063538, ""dist_pdh_atr"": 13.565622091219355, ""dist_pdl_atr"": 18.747750542972973}",4696.94,-0.20010410533410128,INVALID_PRICE,,,,,,,,,,,
XAUUSD,2026-05-14,bearish,2026-05-14 15:41:00+00:00,2026-05-14 15:45:00+00:00,4.0,15,Thursday,ny_morning,0.7013910388527036,4684.48,4689.44,4677.039999999999,1.5,4688.74,4684.48,0.0909385887014187,False,21.915999999999805,range,0.7010333038835402,0.40653529494614254,False,range,"{""score"": 114.0, ""quality"": 32.0, ""ob_strength"": 2.0, ""sweep_strength"": 5.0, ""retest_count"": 0.0, ""is_unicorn"": 0.0, ""rr"": 1.5, ""risk_points"": 4.960000000000036, ""tp_source_htf"": 0.0, ""tp_source_capped"": 0.0, ""daily_bias_aligned"": 1.0, ""daily_bias_neutral"": 0.0, ""kz_london"": 0.0, ""kz_ny_am"": 1.0, ""kz_ny_pm"": 0.0, ""kz_asia"": 0.0, ""kz_ny_lunch"": 0.0, ""has_smt"": 0.0, ""has_feu_vert"": 0.0, ""has_breaker_kz"": 0.0, ""has_mss_fvg"": 1.0, ""has_po3_dist"": 0.0, ""has_phase_expansion"": 0.0, ""has_open_midnight_respect"": 0.0, ""has_FVG_sync"": 1.0, ""has_parent_ob"": 1.0, ""has_grandparent_ob"": 1.0, ""has_good_zone"": 0.0, ""has_session_direction"": 1.0, ""ob_group_size"": 4.0, ""bars_sweep_to_validation"": 23.0, ""bars_group_to_validation"": 26.0, ""is_bullish"": 0.0, ""hour_of_day"": 15.0, ""day_of_week"": 3.0, ""minutes_into_killzone"": 41.0, ""atr_at_setup"": 1.806428571428309, ""atr_ratio_100"": 0.7018800059946055, ""dist_to_pdh_pct"": 0.7270931743095242, ""dist_to_pdl_pct"": 0.8629747653087574, ""dist_to_d1_open_pct"": 0.7148646702055156, ""phase_reversal"": 0.0, ""phase_manipulation"": 0.0, ""vol_ratio_setup"": 0.7018800059946055, ""has_mss_nearby"": 1.0, ""po3_body_pct"": 0.4078780177890827, ""po3_upper_wick"": 0.0, ""po3_lower_wick"": 0.0, ""po3_aligned"": 1.0, ""po3_htf2_aligned"": 0.0, ""displacement_ratio"": 0.7860814551207554, ""fib_level"": 0.4000837871805327, ""mom_60"": -0.17244613456340957, ""mom_240"": -0.29528858231676564, ""body_ratio_recent"": 0.5654179487182812, ""mom_aligned"": 1.0, ""atr_regime"": 1.1364208893943406, ""dist_pdh_atr"": 18.993277975487363, ""dist_pdl_atr"": 22.187425860026906}",4695.61,-0.23759307329735874,INVALID_PRICE,,,,,,,,,,,
XAUUSD,2026-05-14,bearish,2026-05-14 19:04:00+00:00,2026-05-14 19:05:00+00:00,1.0,19,Thursday,ny_afternoon,0.7815696219597926,4668.94,4671.92,4660.48,2.8389261744962058,4671.92,4668.94,0.06382605045257539,False,13.152000000000044,range,1.3869074220495758,0.0236343635050933,False,range,"{""score"": 121.0, ""quality"": 54.0, ""ob_strength"": 4.0, ""sweep_strength"": 4.0, ""retest_count"": 0.0, ""is_unicorn"": 1.0, ""rr"": 2.8389261744962058, ""risk_points"": 2.980000000000473, ""tp_source_htf"": 1.0, ""tp_source_capped"": 0.0, ""daily_bias_aligned"": 1.0, ""daily_bias_neutral"": 0.0, ""kz_london"": 0.0, ""kz_ny_am"": 0.0, ""kz_ny_pm"": 1.0, ""kz_asia"": 0.0, ""kz_ny_lunch"": 0.0, ""has_smt"": 0.0, ""has_feu_vert"": 0.0, ""has_breaker_kz"": 1.0, ""has_mss_fvg"": 1.0, ""has_po3_dist"": 0.0, ""has_phase_expansion"": 0.0, ""has_open_midnight_respect"": 1.0, ""has_FVG_sync"": 1.0, ""has_parent_ob"": 1.0, ""has_grandparent_ob"": 1.0, ""has_good_zone"": 0.0, ""has_session_direction"": 1.0, ""ob_group_size"": 2.0, ""bars_sweep_to_validation"": 5.0, ""bars_group_to_validation"": 6.0, ""is_bullish"": 0.0, ""hour_of_day"": 19.0, ""day_of_week"": 3.0, ""minutes_into_killzone"": 4.0, ""atr_at_setup"": 1.216428571428683, ""atr_ratio_100"": 0.8391477451908473, ""dist_to_pdh_pct"": 1.0564148860195168, ""dist_to_pdl_pct"": 0.528378261992937, ""dist_to_d1_open_pct"": 0.3807594980252544, ""phase_reversal"": 0.0, ""phase_manipulation"": 0.0, ""vol_ratio_setup"": 0.8394952183772588, ""has_mss_nearby"": 1.0, ""po3_body_pct"": 0.837728194726139, ""po3_upper_wick"": 0.0, ""po3_lower_wick"": 0.0, ""po3_aligned"": 0.0, ""po3_htf2_aligned"": 0.0, ""displacement_ratio"": 0.23840281855543852, ""fib_level"": 0.0015785319653067436, ""mom_60"": -0.02676579288843589, ""mom_240"": -0.20242136133173474, ""body_ratio_recent"": 0.4808214057581594, ""mom_aligned"": 1.0, ""atr_regime"": 0.6696327420236015, ""dist_pdh_atr"": 40.98062243100065, ""dist_pdl_atr"": 20.173810921900643}",4697.53,-0.6123445578653859,INVALID_PRICE,,,,,,,,,,,
BTCUSD,2026-05-13,bearish,2026-05-13 10:02:00+00:00,2026-05-13 10:05:00+00:00,3.0,10,Wednesday,london,0.7324552428663409,81249.12,81290.76,81165.84,2.0,81271.06,81249.12,0.02700336939034211,False,257.0720000000001,range,0.6231424039792455,1.1976977195007719,False,range,"{""score"": 106.0, ""quality"": 46.0, ""ob_strength"": 7.0, ""sweep_strength"": 4.0, ""retest_count"": 0.0, ""is_unicorn"": 0.0, ""rr"": 2.0, ""risk_points"": 41.63999999999942, ""tp_source_htf"": 1.0, ""tp_source_capped"": 1.0, ""daily_bias_aligned"": 0.0, ""daily_bias_neutral"": 1.0, ""kz_london"": 0.0, ""kz_ny_am"": 0.0, ""kz_ny_pm"": 0.0, ""kz_asia"": 0.0, ""kz_ny_lunch"": 0.0, ""has_smt"": 0.0, ""has_feu_vert"": 1.0, ""has_breaker_kz"": 0.0, ""has_mss_fvg"": 1.0, ""has_po3_dist"": 0.0, ""has_phase_expansion"": 1.0, ""has_open_midnight_respect"": 0.0, ""has_FVG_sync"": 1.0, ""has_parent_ob"": 1.0, ""has_grandparent_ob"": 1.0, ""has_good_zone"": 1.0, ""has_session_direction"": 0.0, ""ob_group_size"": 1.0, ""bars_sweep_to_validation"": 5.0, ""bars_group_to_validation"": 6.0, ""is_bullish"": 0.0, ""hour_of_day"": 10.0, ""day_of_week"": 2.0, ""minutes_into_killzone"": -1.0, ""atr_at_setup"": 17.872142857143313, ""atr_ratio_100"": 0.7459749670108469, ""dist_to_pdh_pct"": 0.07103949874845684, ""dist_to_pdl_pct"": 3.1718742678685774, ""dist_to_d1_open_pct"": 1.9489589675149965, ""phase_reversal"": 0.0, ""phase_manipulation"": 0.0, ""vol_ratio_setup"": 0.749519511891175, ""has_mss_nearby"": 1.0, ""po3_body_pct"": 0.9336108009339769, ""po3_upper_wick"": 0.0, ""po3_lower_wick"": 0.0, ""po3_aligned"": 0.0, ""po3_htf2_aligned"": 0.0, ""displacement_ratio"": 2.6376243955076735, ""fib_level"": 0.8762562149581961, ""mom_60"": -0.03300097255010574, ""mom_240"": 0.2596202704791419, ""body_ratio_recent"": 0.6762385005116536, ""mom_aligned"": 1.0, ""atr_regime"": 0.5311286145629917, ""dist_pdh_atr"": 3.231845249990447, ""dist_pdl_atr"": 139.76443787218378}",81050.42,0.24455649488880263,LOSS,2026-05-13 10:49:09.048000+00:00,2649.048,81249.12,41.63999999999942,83.27999999999884,0.03914505283357655,1.010566762728202,129.0,2026-05-13 10:50:07.488000+00:00,58.44,-1.0
BTCUSD,2026-05-14,bullish,2026-05-14 04:05:00+00:00,2026-05-14 04:10:00+00:00,5.0,4,Thursday,asia,0.8646616221495821,79097.12,78913.64,79459.87,1.977054719860519,79097.12,78938.6,0.2004118481178449,False,428.56999999999823,range,2.351789714452613,0.8653470319548461,False,range,"{""score"": 103.0, ""quality"": 57.0, ""ob_strength"": 6.0, ""sweep_strength"": 8.0, ""retest_count"": 0.0, ""is_unicorn"": 0.0, ""rr"": 1.977054719860519, ""risk_points"": 183.47999999999593, ""tp_source_htf"": 1.0, ""tp_source_capped"": 0.0, ""daily_bias_aligned"": 1.0, ""daily_bias_neutral"": 0.0, ""kz_london"": 0.0, ""kz_ny_am"": 0.0, ""kz_ny_pm"": 0.0, ""kz_asia"": 1.0, ""kz_ny_lunch"": 0.0, ""has_smt"": 0.0, ""has_feu_vert"": 0.0, ""has_breaker_kz"": 0.0, ""has_mss_fvg"": 1.0, ""has_po3_dist"": 0.0, ""has_phase_expansion"": 0.0, ""has_open_midnight_respect"": 0.0, ""has_FVG_sync"": 1.0, ""has_parent_ob"": 0.0, ""has_grandparent_ob"": 0.0, ""has_good_zone"": 1.0, ""has_session_direction"": 1.0, ""ob_group_size"": 2.0, ""bars_sweep_to_validation"": 9.0, ""bars_group_to_validation"": 10.0, ""is_bullish"": 1.0, ""hour_of_day"": 4.0, ""day_of_week"": 3.0, ""minutes_into_killzone"": 5.0, ""atr_at_setup"": 54.772857142855564, ""atr_ratio_100"": 1.1556893609722665, ""dist_to_pdh_pct"": 3.5891965262568712, ""dist_to_pdl_pct"": 0.23250733333299023, ""dist_to_d1_open_pct"": -2.838162530279741, ""phase_reversal"": 0.0, ""phase_manipulation"": 0.0, ""vol_ratio_setup"": 1.156833366343623, ""has_mss_nearby"": 1.0, ""po3_body_pct"": 0.7732744924977893, ""po3_upper_wick"": 0.0, ""po3_lower_wick"": 0.0, ""po3_aligned"": 0.0, ""po3_htf2_aligned"": 0.0, ""displacement_ratio"": 0.9218182293437706, ""fib_level"": -1.437986235787053, ""mom_60"": -0.35353687387453603, ""mom_240"": -0.3223510548508395, ""body_ratio_recent"": 0.5019410125116527, ""mom_aligned"": 0.0, ""atr_regime"": 0.9714203013839994, ""dist_pdh_atr"": 53.76093476956937, ""dist_pdl_atr"": 3.349834380949919}",79324.11,0.28697631468757046,NO_FILL,,,,,,,,,,,
BTCUSD,2026-05-14,bullish,2026-05-14 04:08:00+00:00,2026-05-14 04:10:00+00:00,2.0,4,Thursday,asia,0.7175984563189676,79201.19,78913.64,79632.51500000001,1.5,79201.19,79158.69,0.05366080989439679,False,428.56999999999823,range,2.351789714452613,0.8653470319548461,False,range,"{""score"": 116.0, ""quality"": 34.0, ""ob_strength"": 4.0, ""sweep_strength"": 3.0, ""retest_count"": 0.0, ""is_unicorn"": 0.0, ""rr"": 1.5, ""risk_points"": 287.5500000000029, ""tp_source_htf"": 0.0, ""tp_source_capped"": 0.0, ""daily_bias_aligned"": 1.0, ""daily_bias_neutral"": 0.0, ""kz_london"": 0.0, ""kz_ny_am"": 0.0, ""kz_ny_pm"": 0.0, ""kz_asia"": 1.0, ""kz_ny_lunch"": 0.0, ""has_smt"": 0.0, ""has_feu_vert"": 0.0, ""has_breaker_kz"": 0.0, ""has_mss_fvg"": 1.0, ""has_po3_dist"": 0.0, ""has_phase_expansion"": 0.0, ""has_open_midnight_respect"": 1.0, ""has_FVG_sync"": 1.0, ""has_parent_ob"": 1.0, ""has_grandparent_ob"": 0.0, ""has_good_zone"": 1.0, ""has_session_direction"": 1.0, ""ob_group_size"": 1.0, ""bars_sweep_to_validation"": 25.0, ""bars_group_to_validation"": 26.0, ""is_bullish"": 1.0, ""hour_of_day"": 4.0, ""day_of_week"": 3.0, ""minutes_into_killzone"": 8.0, ""atr_at_setup"": 55.614285714283014, ""atr_ratio_100"": 1.1440349728522619, ""dist_to_pdh_pct"": 3.4623464928104815, ""dist_to_pdl_pct"": 0.36438567527743354, ""dist_to_d1_open_pct"": -2.7103243431817217, ""phase_reversal"": 0.0, ""phase_manipulation"": 0.0, ""vol_ratio_setup"": 1.1475854424968646, ""has_mss_nearby"": 1.0, ""po3_body_pct"": 0.7732744924977893, ""po3_upper_wick"": 0.0, ""po3_lower_wick"": 0.0, ""po3_aligned"": 0.0, ""po3_htf2_aligned"": 0.0, ""displacement_ratio"": 0.4196763421528008, ""fib_level"": -0.8317624177140046, ""mom_60"": 0.04889046061357011, ""mom_240"": -0.3096207055118587, ""body_ratio_recent"": 0.5419362690021544, ""mom_aligned"": 1.0, ""atr_regime"": 0.9752389458932431, ""dist_pdh_atr"": 51.07626509119166, ""dist_pdl_atr"": 5.170434112509936}",79324.11,0.15519968828750963,NO_FILL,,,,,,,,,,,
BTCUSD,2026-05-14,bullish,2026-05-14 13:11:00+00:00,2026-05-14 13:15:00+00:00,4.0,13,Thursday,ny_morning,0.703932657637264,79854.93,79772.77,79989.56,1.6386319376828478,79854.93,79772.77,0.10288657193737313,True,399.6399999999994,range,0.4453091836533665,0.9806739904880117,True,range,"{""score"": 182.0, ""quality"": 66.0, ""ob_strength"": 7.0, ""sweep_strength"": 5.0, ""retest_count"": 0.0, ""is_unicorn"": 1.0, ""rr"": 1.6386319376828478, ""risk_points"": 82.15999999998894, ""tp_source_htf"": 1.0, ""tp_source_capped"": 0.0, ""daily_bias_aligned"": 1.0, ""daily_bias_neutral"": 0.0, ""kz_london"": 0.0, ""kz_ny_am"": 1.0, ""kz_ny_pm"": 0.0, ""kz_asia"": 0.0, ""kz_ny_lunch"": 0.0, ""has_smt"": 0.0, ""has_feu_vert"": 0.0, ""has_breaker_kz"": 1.0, ""has_mss_fvg"": 1.0, ""has_po3_dist"": 1.0, ""has_phase_expansion"": 1.0, ""has_open_midnight_respect"": 1.0, ""has_FVG_sync"": 1.0, ""has_parent_ob"": 1.0, ""has_grandparent_ob"": 1.0, ""has_good_zone"": 0.0, ""has_session_direction"": 1.0, ""ob_group_size"": 2.0, ""bars_sweep_to_validation"": 1.0, ""bars_group_to_validation"": 2.0, ""is_bullish"": 1.0, ""hour_of_day"": 13.0, ""day_of_week"": 3.0, ""minutes_into_killzone"": 11.0, ""atr_at_setup"": 48.042142857143645, ""atr_ratio_100"": 1.2917332452447652, ""dist_to_pdh_pct"": 2.665508394749213, ""dist_to_pdl_pct"": 1.192810267021004, ""dist_to_d1_open_pct"": -1.907278927274619, ""phase_reversal"": 0.0, ""phase_manipulation"": 0.0, ""vol_ratio_setup"": 1.297976394812511, ""has_mss_nearby"": 0.0, ""po3_body_pct"": 0.6309669522643829, ""po3_upper_wick"": 0.0, ""po3_lower_wick"": 0.0, ""po3_aligned"": 1.0, ""po3_htf2_aligned"": 0.0, ""displacement_ratio"": 1.7003584869172905, ""fib_level"": 1.1136979088310648, ""mom_60"": 0.6342497911032597, ""mom_240"": 0.061849039485788994, ""body_ratio_recent"": 0.6751410382779905, ""mom_aligned"": 1.0, ""atr_regime"": 0.8331705686910607, ""dist_pdh_atr"": 45.51899374061393, ""dist_pdl_atr"": 19.593006140441716}",79757.08,-0.12253470136407518,INVALID_PRICE,,,,,,,,,,,
BTCUSD,2026-05-14,bullish,2026-05-14 14:11:00+00:00,2026-05-14 14:15:00+00:00,4.0,14,Thursday,ny_morning,0.7414364369621881,79812.42,79551.26,80204.16,1.5,79812.42,79588.67,0.2803448385602141,True,622.7559999999997,range,0.06039065801359502,2.5230794467578304,True,range,"{""score"": 104.0, ""quality"": 36.0, ""ob_strength"": 3.0, ""sweep_strength"": 6.0, ""retest_count"": 0.0, ""is_unicorn"": 0.0, ""rr"": 1.5, ""risk_points"": 261.1600000000035, ""tp_source_htf"": 0.0, ""tp_source_capped"": 0.0, ""daily_bias_aligned"": 1.0, ""daily_bias_neutral"": 0.0, ""kz_london"": 0.0, ""kz_ny_am"": 1.0, ""kz_ny_pm"": 0.0, ""kz_asia"": 0.0, ""kz_ny_lunch"": 0.0, ""has_smt"": 0.0, ""has_feu_vert"": 0.0, ""has_breaker_kz"": 0.0, ""has_mss_fvg"": 0.0, ""has_po3_dist"": 1.0, ""has_phase_expansion"": 0.0, ""has_open_midnight_respect"": 1.0, ""has_FVG_sync"": 0.0, ""has_parent_ob"": 1.0, ""has_grandparent_ob"": 1.0, ""has_good_zone"": 0.0, ""has_session_direction"": 1.0, ""ob_group_size"": 3.0, ""bars_sweep_to_validation"": 5.0, ""bars_group_to_validation"": 7.0, ""is_bullish"": 1.0, ""hour_of_day"": 14.0, ""day_of_week"": 3.0, ""minutes_into_killzone"": 11.0, ""atr_at_setup"": 99.07642857142699, ""atr_ratio_100"": 1.5426074020955083, ""dist_to_pdh_pct"": 2.7173234703887346, ""dist_to_pdl_pct"": 1.1389412527416032, ""dist_to_d1_open_pct"": -1.9594976390410814, ""phase_reversal"": 0.0, ""phase_manipulation"": 0.0, ""vol_ratio_setup"": 1.5419708232690934, ""has_mss_nearby"": 1.0, ""po3_body_pct"": 0.6243860569357822, ""po3_upper_wick"": 0.0, ""po3_lower_wick"": 0.0, ""po3_aligned"": 1.0, ""po3_htf2_aligned"": 0.0, ""displacement_ratio"": 0.5302332308804558, ""fib_level"": 0.578085581507629, ""mom_60"": -0.043694496096033465, ""mom_240"": 0.17132717141036063, ""body_ratio_recent"": 0.5080212588413902, ""mom_aligned"": 0.0, ""atr_regime"": 1.1410760492613539, ""dist_pdh_atr"": 22.501214790890476, ""dist_pdl_atr"": 9.07158254450041}",79847.58,0.044053293961019466,LOSS,2026-05-14 14:20:52.311000+00:00,352.311,79812.42,261.1600000000035,391.74000000000524,0.4586843314443504,1.0013784653086253,9770.0,2026-05-14 16:40:40.912000+00:00,8388.601,-1.0
BTCUSD,2026-05-14,bullish,2026-05-14 14:12:00+00:00,2026-05-14 14:15:00+00:00,3.0,14,Thursday,ny_morning,0.7109325479593511,79864.93,79551.26,80335.435,1.5,79864.93,79663.07,0.2527517397185298,True,622.7559999999997,range,0.06039065801359502,2.5230794467578304,True,range,"{""score"": 123.0, ""quality"": 43.0, ""ob_strength"": 4.0, ""sweep_strength"": 6.0, ""retest_count"": 0.0, ""is_unicorn"": 0.0, ""rr"": 1.5, ""risk_points"": 313.66999999999825, ""tp_source_htf"": 0.0, ""tp_source_capped"": 0.0, ""daily_bias_aligned"": 1.0, ""daily_bias_neutral"": 0.0, ""kz_london"": 0.0, ""kz_ny_am"": 1.0, ""kz_ny_pm"": 0.0, ""kz_asia"": 0.0, ""kz_ny_lunch"": 0.0, ""has_smt"": 0.0, ""has_feu_vert"": 0.0, ""has_breaker_kz"": 0.0, ""has_mss_fvg"": 1.0, ""has_po3_dist"": 1.0, ""has_phase_expansion"": 0.0, ""has_open_midnight_respect"": 1.0, ""has_FVG_sync"": 1.0, ""has_parent_ob"": 1.0, ""has_grandparent_ob"": 1.0, ""has_good_zone"": 0.0, ""has_session_direction"": 1.0, ""ob_group_size"": 1.0, ""bars_sweep_to_validation"": 13.0, ""bars_group_to_validation"": 13.0, ""is_bullish"": 1.0, ""hour_of_day"": 14.0, ""day_of_week"": 3.0, ""minutes_into_killzone"": 12.0, ""atr_at_setup"": 96.34928571428463, ""atr_ratio_100"": 1.4950065590587793, ""dist_to_pdh_pct"": 2.6533194802256825, ""dist_to_pdl_pct"": 1.2054823475383896, ""dist_to_d1_open_pct"": -1.8949950618861295, ""phase_reversal"": 0.0, ""phase_manipulation"": 0.0, ""vol_ratio_setup"": 1.4942435998138064, ""has_mss_nearby"": 1.0, ""po3_body_pct"": 0.6243860569357822, ""po3_upper_wick"": 0.0, ""po3_lower_wick"": 0.0, ""po3_aligned"": 1.0, ""po3_htf2_aligned"": 0.0, ""displacement_ratio"": 0.41898897045158123, ""fib_level"": 0.6546804273039981, ""mom_60"": 0.007862591940992043, ""mom_240"": 0.2736876937449571, ""body_ratio_recent"": 0.5153470070847164, ""mom_aligned"": 1.0, ""atr_regime"": 1.1394490552021164, ""dist_pdh_atr"": 22.59310989035456, ""dist_pdl_atr"": 9.873347715529109}",79847.58,-0.02172417855996527,INVALID_PRICE,,,,,,,,,,,
BTCUSD,2026-05-14,bullish,2026-05-14 15:47:00+00:00,2026-05-14 15:50:00+00:00,3.0,15,Thursday,ny_morning,0.8080110321132903,81056.27,80806.16,81431.435,1.5,81056.27,80883.48,0.213172898284128,True,658.573999999999,range,0.04694284130894865,2.9237295693769387,True,range,"{""score"": 106.0, ""quality"": 46.0, ""ob_strength"": 4.0, ""sweep_strength"": 7.0, ""retest_count"": 0.0, ""is_unicorn"": 0.0, ""rr"": 1.5, ""risk_points"": 250.11000000000058, ""tp_source_htf"": 0.0, ""tp_source_capped"": 0.0, ""daily_bias_aligned"": 1.0, ""daily_bias_neutral"": 0.0, ""kz_london"": 0.0, ""kz_ny_am"": 1.0, ""kz_ny_pm"": 0.0, ""kz_asia"": 0.0, ""kz_ny_lunch"": 0.0, ""has_smt"": 0.0, ""has_feu_vert"": 0.0, ""has_breaker_kz"": 0.0, ""has_mss_fvg"": 1.0, ""has_po3_dist"": 1.0, ""has_phase_expansion"": 0.0, ""has_open_midnight_respect"": 1.0, ""has_FVG_sync"": 0.0, ""has_parent_ob"": 1.0, ""has_grandparent_ob"": 1.0, ""has_good_zone"": 0.0, ""has_session_direction"": 1.0, ""ob_group_size"": 4.0, ""bars_sweep_to_validation"": 13.0, ""bars_group_to_validation"": 16.0, ""is_bullish"": 1.0, ""hour_of_day"": 15.0, ""day_of_week"": 3.0, ""minutes_into_killzone"": 47.0, ""atr_at_setup"": 52.17642857142865, ""atr_ratio_100"": 0.7409077603462145, ""dist_to_pdh_pct"": 1.2012053373793916, ""dist_to_pdl_pct"": 2.7151579878966485, ""dist_to_d1_open_pct"": -0.43156904269380464, ""phase_reversal"": 0.0, ""phase_manipulation"": 0.0, ""vol_ratio_setup"": 0.740879485812434, ""has_mss_nearby"": 1.0, ""po3_body_pct"": 0.8191511356588512, ""po3_upper_wick"": 0.0, ""po3_lower_wick"": 0.0, ""po3_aligned"": 0.0, ""po3_htf2_aligned"": 1.0, ""displacement_ratio"": 0.20356932193868288, ""fib_level"": 0.8913529748104065, ""mom_60"": 0.7363907149428486, ""mom_240"": 2.311207156703657, ""body_ratio_recent"": 0.4712688975135273, ""mom_aligned"": 1.0, ""atr_regime"": 1.5240880703077555, ""dist_pdh_atr"": 18.887647678891465, ""dist_pdl_atr"": 41.06509507577316}",79608.51,-1.7861172244910966,INVALID_PRICE,,,,,,,,,,,
BTCUSD,2026-05-15,bearish,2026-05-15 01:27:00+00:00,2026-05-15 01:30:00+00:00,3.0,1,Friday,asia,0.7371006328487968,81450.08,81607.93,81177.24,1.7284764016472067,81583.82,81450.08,0.16419873375201746,True,401.9360000000015,range,1.1294601893264593,2.3467965921434195,True,range,"{""score"": 165.0, ""quality"": 60.0, ""ob_strength"": 4.0, ""sweep_strength"": 5.0, ""retest_count"": 0.0, ""is_unicorn"": 1.0, ""rr"": 1.7284764016472067, ""risk_points"": 157.84999999999127, ""tp_source_htf"": 1.0, ""tp_source_capped"": 0.0, ""daily_bias_aligned"": 1.0, ""daily_bias_neutral"": 0.0, ""kz_london"": 0.0, ""kz_ny_am"": 0.0, ""kz_ny_pm"": 0.0, ""kz_asia"": 1.0, ""kz_ny_lunch"": 0.0, ""has_smt"": 0.0, ""has_feu_vert"": 0.0, ""has_breaker_kz"": 1.0, ""has_mss_fvg"": 1.0, ""has_po3_dist"": 1.0, ""has_phase_expansion"": 0.0, ""has_open_midnight_respect"": 0.0, ""has_FVG_sync"": 1.0, ""has_parent_ob"": 1.0, ""has_grandparent_ob"": 1.0, ""has_good_zone"": 1.0, ""has_session_direction"": 1.0, ""ob_group_size"": 4.0, ""bars_sweep_to_validation"": 26.0, ""bars_group_to_validation"": 29.0, ""is_bullish"": 0.0, ""hour_of_day"": 1.0, ""day_of_week"": 4.0, ""minutes_into_killzone"": 27.0, ""atr_at_setup"": 52.22928571427786, ""atr_ratio_100"": 1.1388481779767288, ""dist_to_pdh_pct"": 0.25387781803949117, ""dist_to_pdl_pct"": 3.573649821203696, ""dist_to_d1_open_pct"": 2.952984470736229, ""phase_reversal"": 0.0, ""phase_manipulation"": 0.0, ""vol_ratio_setup"": 1.1368124189096405, ""has_mss_nearby"": 1.0, ""po3_body_pct"": 0.6815097945532606, ""po3_upper_wick"": 0.0, ""po3_lower_wick"": 0.0, ""po3_aligned"": 1.0, ""po3_htf2_aligned"": 0.0, ""displacement_ratio"": 0.600627632339626, ""fib_level"": 0.7712889829818629, ""mom_60"": 0.012185301087486843, ""mom_240"": 0.05743938326273723, ""body_ratio_recent"": 0.5033736250188768, ""mom_aligned"": 0.0, ""atr_regime"": 0.881086670074302, ""dist_pdh_atr"": 3.969229086036028, ""dist_pdl_atr"": 53.807168939163695}",81340.51,0.13452411587564675,WIN,2026-05-15 01:32:21.017000+00:00,141.017,81450.08,157.84999999999127,272.8399999999965,1.762686094393542,0.9533734558125662,6737.0,2026-05-15 02:39:23.998000+00:00,4022.981,1.7284764016472067
BTCUSD,2026-05-15,bullish,2026-05-15 14:02:00+00:00,2026-05-15 14:05:00+00:00,3.0,14,Friday,ny_morning,0.7141857606115883,78886.92,78639.77,79257.64499999999,1.5,78886.92,78639.77,0.3132965515702656,False,645.5660000000032,range,3.24254793826449,0.6331496313218795,False,range,"{""score"": 67.0, ""quality"": 49.0, ""ob_strength"": 7.0, ""sweep_strength"": 5.0, ""retest_count"": 0.0, ""is_unicorn"": 0.0, ""rr"": 1.5, ""risk_points"": 247.14999999999418, ""tp_source_htf"": 0.0, ""tp_source_capped"": 0.0, ""daily_bias_aligned"": 0.0, ""daily_bias_neutral"": 0.0, ""kz_london"": 0.0, ""kz_ny_am"": 1.0, ""kz_ny_pm"": 0.0, ""kz_asia"": 0.0, ""kz_ny_lunch"": 0.0, ""has_smt"": 0.0, ""has_feu_vert"": 0.0, ""has_breaker_kz"": 0.0, ""has_mss_fvg"": 1.0, ""has_po3_dist"": 0.0, ""has_phase_expansion"": 0.0, ""has_open_midnight_respect"": 0.0, ""has_FVG_sync"": 1.0, ""has_parent_ob"": 0.0, ""has_grandparent_ob"": 0.0, ""has_good_zone"": 1.0, ""has_session_direction"": 1.0, ""ob_group_size"": 2.0, ""bars_sweep_to_validation"": 2.0, ""bars_group_to_validation"": 3.0, ""is_bullish"": 1.0, ""hour_of_day"": 14.0, ""day_of_week"": 4.0, ""minutes_into_killzone"": 2.0, ""atr_at_setup"": 158.62357142857113, ""atr_ratio_100"": 2.2063288503281306, ""dist_to_pdh_pct"": 3.392797639013445, ""dist_to_pdl_pct"": 0.3142811836809723, ""dist_to_d1_open_pct"": -0.2868523922356997, ""phase_reversal"": 0.0, ""phase_manipulation"": 0.0, ""vol_ratio_setup"": 2.212020790455928, ""has_mss_nearby"": 0.0, ""po3_body_pct"": 0.7169897834902421, ""po3_upper_wick"": 0.0, ""po3_lower_wick"": 0.0, ""po3_aligned"": 0.0, ""po3_htf2_aligned"": 0.0, ""displacement_ratio"": 0.6280199331356698, ""fib_level"": -3.8887543421889736, ""mom_60"": -1.5105159661013638, ""mom_240"": -1.9252954789010241, ""body_ratio_recent"": 0.501806192697472, ""mom_aligned"": 0.0, ""atr_regime"": 1.2379211435420487, ""dist_pdh_atr"": 17.46568921030476, ""dist_pdl_atr"": 1.5580912582799014}",80709.02,2.3097618718033432,NO_FILL,,,,,,,,,,,
